Workbook
Name QCATP_P: [1]QCACTUAL!$C$2:$D$4
Name QCATP_P: [1]QCACTUAL!$C$2:$D$4
Name QCATP_P: QCACTUAL!$C$2:$D$4
Name QCATP_P: [1]QCACTUAL!$C$2:$D$4
Name QCATP_P: QCACTUAL!$C$2:$D$4
Name QCCHK: [1]QCACTUAL!$B$8:$D$22
Name QCCHK: [1]QCACTUAL!$B$8:$D$22
Name QCCHK: QCACTUAL!$B$8:$D$22
Name QCCHK: [1]QCACTUAL!$B$8:$D$22
Name QCCHK: QCACTUAL!$B$8:$D$22
Name QCEQUATIONS: [1]QCEQUATIONS!$A$2:$B$11
Name QCEQUATIONS: [1]QCEQUATIONS!$A$2:$B$11
Name QCEQUATIONS: [1]QCEQUATIONS!$A$2:$B$11
Name QCEQUATIONS: QCEQUATIONS!$A$2:$B$11
Name QCEQUATIONS: QCEQUATIONS!$A$2:$B$11
Name QCGUP: [1]QCACTUAL!$C$23:$D$25
Name QCGUP: [1]QCACTUAL!$C$23:$D$25
Name QCGUP: QCACTUAL!$C$23:$D$25
Name QCGUP: [1]QCACTUAL!$C$23:$D$25
Name QCGUP: QCACTUAL!$C$23:$D$25
Name QCNIC_N: [1]QCACTUAL!$C$44:$D$47
Name QCNIC_N: [1]QCACTUAL!$C$44:$D$47
Name QCNIC_N: QCACTUAL!$C$44:$D$47
Name QCNIC_N: [1]QCACTUAL!$C$44:$D$47
Name QCNIC_N: QCACTUAL!$C$44:$D$47
Name QCPER: [1]QCACTUAL!$J$25:$X$37
Name QCPER: [1]QCACTUAL!$J$25:$X$37
Name QCPER: QCACTUAL!$J$25:$AA$37
Name QCPER: [1]QCACTUAL!$J$25:$X$37
Name QCPER: QCACTUAL!$J$25:$AA$37
Name QCREC_N: [1]QCACTUAL!$C$40:$D$43
Name QCREC_N: [1]QCACTUAL!$C$40:$D$43
Name QCREC_N: QCACTUAL!$C$40:$D$43
Name QCREC_N: [1]QCACTUAL!$C$40:$D$43
Name QCREC_N: QCACTUAL!$C$40:$D$43
Name QCSPK: [1]QCACTUAL!$B$26:$D$39
Name QCSPK: [1]QCACTUAL!$B$26:$D$39
Name QCSPK: QCACTUAL!$B$26:$D$39
Name QCSPK: [1]QCACTUAL!$B$26:$D$39
Name QCSPK: QCACTUAL!$B$26:$D$39
Name QCUREA_N: [1]QCACTUAL!$C$5:$D$7
Name QCUREA_N: [1]QCACTUAL!$C$5:$D$7
Name QCUREA_N: QCACTUAL!$C$5:$D$7
Name QCUREA_N: [1]QCACTUAL!$C$5:$D$7
Name QCUREA_N: QCACTUAL!$C$5:$D$7

Sheet 2025 Data
A1: cdate mmdd10. | B1: ctime time11. | C1: id $char12. | D1: subid $char9. | E1: pos $char4. | F1: rep 1. | G1: matrix $char2. | H1: tpe $char3. | I1: anal$char6. | J1: cup 3. | K1: ddate mmdd10. | L1: dtime time11. | M1: dilf 2. | N1: method $char5. | O1: parea 8. | P1: pht 8. | Q1: conc 10. | R1: unit $char6. | S1: cconc 10. | T1: caleq $char90. | U1: qcrec 8. | V1: qcact 8. | W1: qcflag $char5.
A2: Collection Date (CDATE) | B2: Collection Time (CTIME) | C2: site id (ID) | D2: long id (SUBID) | E2: CRoss id (POS) | F2: REP# | G2: MATRIX | H2: TYPE | I2: Analyte Name (ANALY) | J2: Autosampler-Cup Number (CUP) | K2: Analyte Detection Date (DDATE) | L2: Analyte Detection Time (DTIME) | M2: Dilution Factor | N2: METHOD | O2: Peak Area (PAREA) | P2: Peak Height (PHT) | Q2: Peak Concentration (CONC) | R2: UNIT | S2: Peak Concentration (corrected for dilution factor) | T2: Calibration Equation (CALEQ) | U2: QC-Recover (QCREC) | V2: QC-Actual (QCACT) | W2: QC-Flag (QCFLAG) | X2: QC-Equation (QCEQ) | Y2: Run file | Z2: NOTES | AA2: mm | AB2: dd | AD2: m/d/ | AE2: PasteAsValue | AF2: TP-TN Cal Curve ID | AG2: TP adjusted concentration <150 ppb (ug P/L) | AH2: TP adjusted concentration <300 ppb (ug P/L) | AI2: TP adjusted concentration <500 ppb (ug P/L) | AJ2: TN adjusted concentration <2800 ppb (ug P/L) | AK2: TP-TN adjusted concentration full series (ug P/L) | AL2: TP calculation <150 ppb (ug P/L) | AM2: TP calculation <300 ppb (ug P/L) | AN2: TP calculation <500 ppb (ug P/L) | AO2: TN calculation <2800 ppb (ug P/L) | AP2: TP-TN calculation full series (ug P/L) | AQ2: TP calibration eq < 150 ppb | AR2: TP calibration eq <300 ppb | AS2: TP calibration eq <500 ppb | AT2: TN calibration eq <2800 ppb | AU2: TP-TN calibration eq full series ppb | AV2: Combined ID
A3: 45500 | B3: 0 | C3: 1000 | D3: 1 | E3: Sh | F3: 1 | G3: DI | H3: BLK | I3: TNH4 | J3: 1 | K3: 45687 | L3: 0.46931713 | M3: 1 | N3: N-1.1 | O3: 0.048 | P3: 0.0306 | Q3: 2.92 | R3: ug-N/L | S3: =IF(OR(AND(I3<>"TP", I3<>"TDP",I3<>"TN", I3<>"TDN"),H3="CAL"), Q3*M3, IF(OR(AND(I3="TN", Q3>2500), AND(I3="TDN", Q3>2500)),MAX(Q3, AK3)*M3, IF(OR(AND(I3="TN", Q3<=2500), AND(I3="TDN", Q3<=2500)),MAX(Q3, AJ3,AK3)*M3, IF(OR(AND(I3="TP",Q3>500), AND(I3="TDP", Q3>500)),MAX(Q3,AK3)*M3,IF(OR(AND(I3="TP",Q3<=150), AND(I3="TDP", Q3<=150)),MAX(Q3,AG3:AI3,AK3)*M3,IF(OR(AND(I3="TP",Q3<=300), AND(I3="TDP", Q3<=300)),MAX(Q3,AH3,AI3,AK3)*M3,IF(OR(AND(I3="TP",Q3<=500), AND(I3="TDP", Q3<=500)),MAX(Q3,AI3,AK3)*M3,""))))))) -> 2.92 | T3: Conc = 0.169 * Area^2 + 60.8 * Area + 0.00 | U3: =IF(OR(H3="CHK",H3="ATP",H3="GUP",H3="PER", H3="NIC", H3="UREA"),(S3/V3*100),IF(H3="DUP",((ABS(S3-#REF!))/((#REF!+S3)/2))*100,IF(H3="SPK",((S3-#REF!)/V3*100),IF(OR(H3="LAB",H3="FLD",H3="ESF"),S3,"")))) | V3: =IF(H3="CHK",VLOOKUP(I3,QCCHK,3,),IF(H3="GUP",VLOOKUP(E3,QCGUP,2,),IF(AND(H3="ATP",OR(I3="TN",I3="TDN",I3="TNO2-3",I3="NO2-3")),VLOOKUP(E3,QCREC_N,2,),IF(AND(H3="NIC",OR(I3="TN",I3="TDN",I3="TNO2-3",I3="NO2-3")),VLOOKUP(E3,QCNIC_N,2,),IF(AND(H3="UREA",OR(I3="TN",I3="TDN",I3="TNO2-3",I3="NO2-3")),VLOOKUP(E3,QCUREA_N,2,),IF(H3="PER",VLOOKUP(I3,QCPER,MATCH(E3,QCACTUAL!$J$25:$AA$25,0),),IF(H3="SPK",VLOOKUP(I3,QCSPK,3,),IF(AND(H3="ATP",OR(I3="TP",I3="TDP")),VLOOKUP(E3,QCATP_P,2,),"")))))))) | W3: =IF(AND(OR(H3="PER",H3="ATP",H3="GUP",H3="CHK",H3="SPK", H3="NIC"),OR(U3>125,U3<75)),"FALSE",IF(AND(H3="DUP",OR(U3>25, U3<-25)),"FALSE",IF(AND(OR(H3="LAB",H3="FLD",H3="ESF"),U3>15),"FALSE","TRUE"))) -> TRUE | X3: =IF(ISNA(VLOOKUP(H3,QCEQUATIONS,2,)),"",(VLOOKUP(H3,QCEQUATIONS,2,))) | Y3: OM_1-30-2025_10-50-49AMadj-adj (8500).OMN | AL3: =IF($O3="", "", IF(AQ3<>"", SUBSTITUTE(SUBSTITUTE(AQ3, "x", "*"&$O3&"^", 1), "x", "*"&$O3, 1), "")) -> FALSE | AM3: =IF($O3="", "", IF(AR3<>"", SUBSTITUTE(SUBSTITUTE(AR3, "x", "*"&$O3&"^", 1), "x", "*"&$O3, 1), "")) -> FALSE | AN3: =IF($O3="", "", IF(AS3<>"", SUBSTITUTE(SUBSTITUTE(AS3, "x", "*"&$O3&"^", 1), "x", "*"&$O3, 1), "")) -> FALSE | AO3: =IF($O3="", "FALSE", IF(AT3<>"FALSE", SUBSTITUTE(SUBSTITUTE(AT3, "x", "*"&$O3&"^", 1), "x", "*"&$O3, 1), "")) -> FALSE | AP3: =IF($O3="", "FALSE", IF(AU3<>"FALSE", SUBSTITUTE(SUBSTITUTE(AU3, "x", "*"&$O3&"^", 1), "x", "*"&$O3, 1), "")) -> FALSE | AQ3: =IF(AND(I3="TP",S3<=150),VLOOKUP(AF3,TPCalibEq150!$AZ$2:$BB$166,3,),IF(AND(I3="TDP",S3<=150),VLOOKUP(AF3,TPCalibEq150!$AZ$2:$BB$166,3,))) -> FALSE | AR3: =IF(AND(I3="TP",S3<=300),VLOOKUP(AF3,TPCalibEq300!$AZ$2:$BB$166,3,),IF(AND(I3="TDP",S3<=300),VLOOKUP(AF3,TPCalibEq300!$AZ$2:$BB$166,3,))) -> FALSE | AS3: =IF(AND(I3="TP",S3<=500),VLOOKUP(AF3,TPCalibEq500!$AZ$2:$BB$165,3,),IF(AND(I3="TDP",S3<=500),VLOOKUP(AF3,TPCalibEq500!$AZ$2:$BB$165,3,))) -> FALSE | AT3: =IF(AND(I3="TN",S3<=2800),VLOOKUP(AF3,TNCalibEq2500!$AZ$2:$BB$165,3,),IF(AND(I3="TDN",S3<=2800),VLOOKUP(AF3,TNCalibEq2500!$AZ$2:$BB$165,3,))) -> FALSE | AU3: =IF(I3="TP",VLOOKUP(AF3,TPCalibEqFull!$AZ$2:$BB$165,3),IF(I3="TDP",VLOOKUP(AF3,TPCalibEqFull!$AZ$2:$BB$165,3),IF(I3="TDN",VLOOKUP(AF3,TNCalibEqFull!$AZ$2:$BB$164,3),IF(I3="TN",VLOOKUP(AF3,TNCalibEqFull!$AZ$2:$BB$164,3),FALSE)))) -> FALSE | AV3: =TEXT(A3, "YYYYMMDD")&" "&TEXT(B3, "HH:MM:SS")&"-"&C3&"-"&D3&"-"&E3&"-"&F3&"-"&G3&"-"&H3 -> 20240727 00:00:00-1000-1-Sh-1-DI-BLK
A4: 45500 | B4: 0 | C4: 1000 | D4: 1 | E4: Sh | F4: 1 | G4: SW | H4: UKN | I4: TNH4 | J4: 2 | K4: 45687 | L4: 0.47015046 | M4: 1 | N4: N-1.1 | O4: 0.218 | P4: 0.0313 | Q4: 13.3 | R4: ug-N/L | S4: =IF(OR(AND(I4<>"TP", I4<>"TDP",I4<>"TN", I4<>"TDN"),H4="CAL"), Q4*M4, IF(OR(AND(I4="TN", Q4>2500), AND(I4="TDN", Q4>2500)),MAX(Q4, AK4)*M4, IF(OR(AND(I4="TN", Q4<=2500), AND(I4="TDN", Q4<=2500)),MAX(Q4, AJ4,AK4)*M4, IF(OR(AND(I4="TP",Q4>500), AND(I4="TDP", Q4>500)),MAX(Q4,AK4)*M4,IF(OR(AND(I4="TP",Q4<=150), AND(I4="TDP", Q4<=150)),MAX(Q4,AG4:AI4,AK4)*M4,IF(OR(AND(I4="TP",Q4<=300), AND(I4="TDP", Q4<=300)),MAX(Q4,AH4,AI4,AK4)*M4,IF(OR(AND(I4="TP",Q4<=500), AND(I4="TDP", Q4<=500)),MAX(Q4,AI4,AK4)*M4,""))))))) -> 13.3 | T4: Conc = 0.169 * Area^2 + 60.8 * Area + 0.00 | U4: =IF(OR(H4="CHK",H4="ATP",H4="GUP",H4="PER", H4="NIC", H4="UREA"),(S4/V4*100),IF(H4="DUP",((ABS(S4-S3))/((S3+S4)/2))*100,IF(H4="SPK",((S4-S3)/V4*100),IF(OR(H4="LAB",H4="FLD",H4="ESF"),S4,"")))) | V4: =IF(H4="CHK",VLOOKUP(I4,QCCHK,3,),IF(H4="GUP",VLOOKUP(E4,QCGUP,2,),IF(AND(H4="ATP",OR(I4="TN",I4="TDN",I4="TNO2-3",I4="NO2-3")),VLOOKUP(E4,QCREC_N,2,),IF(AND(H4="NIC",OR(I4="TN",I4="TDN",I4="TNO2-3",I4="NO2-3")),VLOOKUP(E4,QCNIC_N,2,),IF(AND(H4="UREA",OR(I4="TN",I4="TDN",I4="TNO2-3",I4="NO2-3")),VLOOKUP(E4,QCUREA_N,2,),IF(H4="PER",VLOOKUP(I4,QCPER,MATCH(E4,QCACTUAL!$J$25:$AA$25,0),),IF(H4="SPK",VLOOKUP(I4,QCSPK,3,),IF(AND(H4="ATP",OR(I4="TP",I4="TDP")),VLOOKUP(E4,QCATP_P,2,),"")))))))) | W4: =IF(AND(OR(H4="PER",H4="ATP",H4="GUP",H4="CHK",H4="SPK", H4="NIC"),OR(U4>125,U4<75)),"FALSE",IF(AND(H4="DUP",OR(U4>25, U4<-25)),"FALSE",IF(AND(OR(H4="LAB",H4="FLD",H4="ESF"),U4>15),"FALSE","TRUE"))) -> TRUE | X4: =IF(ISNA(VLOOKUP(H4,QCEQUATIONS,2,)),"",(VLOOKUP(H4,QCEQUATIONS,2,))) | Y4: OM_1-30-2025_10-50-49AMadj-adj (8500).OMN | AL4: =IF($O4="", "", IF(AQ4<>"", SUBSTITUTE(SUBSTITUTE(AQ4, "x", "*"&$O4&"^", 1), "x", "*"&$O4, 1), "")) -> FALSE | AM4: =IF($O4="", "", IF(AR4<>"", SUBSTITUTE(SUBSTITUTE(AR4, "x", "*"&$O4&"^", 1), "x", "*"&$O4, 1), "")) -> FALSE | AN4: =IF($O4="", "", IF(AS4<>"", SUBSTITUTE(SUBSTITUTE(AS4, "x", "*"&$O4&"^", 1), "x", "*"&$O4, 1), "")) -> FALSE | AO4: =IF($O4="", "FALSE", IF(AT4<>"FALSE", SUBSTITUTE(SUBSTITUTE(AT4, "x", "*"&$O4&"^", 1), "x", "*"&$O4, 1), "")) -> FALSE | AP4: =IF($O4="", "FALSE", IF(AU4<>"FALSE", SUBSTITUTE(SUBSTITUTE(AU4, "x", "*"&$O4&"^", 1), "x", "*"&$O4, 1), "")) -> FALSE | AQ4: =IF(AND(I4="TP",S4<=150),VLOOKUP(AF4,TPCalibEq150!$AZ$2:$BB$166,3,),IF(AND(I4="TDP",S4<=150),VLOOKUP(AF4,TPCalibEq150!$AZ$2:$BB$166,3,))) -> FALSE | AR4: =IF(AND(I4="TP",S4<=300),VLOOKUP(AF4,TPCalibEq300!$AZ$2:$BB$166,3,),IF(AND(I4="TDP",S4<=300),VLOOKUP(AF4,TPCalibEq300!$AZ$2:$BB$166,3,))) -> FALSE | AS4: =IF(AND(I4="TP",S4<=500),VLOOKUP(AF4,TPCalibEq500!$AZ$2:$BB$165,3,),IF(AND(I4="TDP",S4<=500),VLOOKUP(AF4,TPCalibEq500!$AZ$2:$BB$165,3,))) -> FALSE | AT4: =IF(AND(I4="TN",S4<=2800),VLOOKUP(AF4,TNCalibEq2500!$AZ$2:$BB$165,3,),IF(AND(I4="TDN",S4<=2800),VLOOKUP(AF4,TNCalibEq2500!$AZ$2:$BB$165,3,))) -> FALSE | AU4: =IF(I4="TP",VLOOKUP(AF4,TPCalibEqFull!$AZ$2:$BB$165,3),IF(I4="TDP",VLOOKUP(AF4,TPCalibEqFull!$AZ$2:$BB$165,3),IF(I4="TDN",VLOOKUP(AF4,TNCalibEqFull!$AZ$2:$BB$164,3),IF(I4="TN",VLOOKUP(AF4,TNCalibEqFull!$AZ$2:$BB$164,3),FALSE)))) -> FALSE | AV4: =TEXT(A4, "YYYYMMDD")&" "&TEXT(B4, "HH:MM:SS")&"-"&C4&"-"&D4&"-"&E4&"-"&F4&"-"&G4&"-"&H4 -> 20240727 00:00:00-1000-1-Sh-1-SW-UKN
A5: 45507 | B5: 0 | C5: 1000 | D5: 1 | E5: Dp | F5: 1 | G5: SW | H5: UKN | I5: TNH4 | J5: 3 | K5: 45687 | L5: 0.47097222 | M5: 1 | N5: N-1.1 | O5: 0.0453 | P5: 0.00622 | Q5: 2.75 | R5: ug-N/L | S5: =IF(OR(AND(I5<>"TP", I5<>"TDP",I5<>"TN", I5<>"TDN"),H5="CAL"), Q5*M5, IF(OR(AND(I5="TN", Q5>2500), AND(I5="TDN", Q5>2500)),MAX(Q5, AK5)*M5, IF(OR(AND(I5="TN", Q5<=2500), AND(I5="TDN", Q5<=2500)),MAX(Q5, AJ5,AK5)*M5, IF(OR(AND(I5="TP",Q5>500), AND(I5="TDP", Q5>500)),MAX(Q5,AK5)*M5,IF(OR(AND(I5="TP",Q5<=150), AND(I5="TDP", Q5<=150)),MAX(Q5,AG5:AI5,AK5)*M5,IF(OR(AND(I5="TP",Q5<=300), AND(I5="TDP", Q5<=300)),MAX(Q5,AH5,AI5,AK5)*M5,IF(OR(AND(I5="TP",Q5<=500), AND(I5="TDP", Q5<=500)),MAX(Q5,AI5,AK5)*M5,""))))))) -> 2.75 | T5: Conc = 0.169 * Area^2 + 60.8 * Area + 0.00 | U5: =IF(OR(H5="CHK",H5="ATP",H5="GUP",H5="PER", H5="NIC", H5="UREA"),(S5/V5*100),IF(H5="DUP",((ABS(S5-S4))/((S4+S5)/2))*100,IF(H5="SPK",((S5-S4)/V5*100),IF(OR(H5="LAB",H5="FLD",H5="ESF"),S5,"")))) | V5: =IF(H5="CHK",VLOOKUP(I5,QCCHK,3,),IF(H5="GUP",VLOOKUP(E5,QCGUP,2,),IF(AND(H5="ATP",OR(I5="TN",I5="TDN",I5="TNO2-3",I5="NO2-3")),VLOOKUP(E5,QCREC_N,2,),IF(AND(H5="NIC",OR(I5="TN",I5="TDN",I5="TNO2-3",I5="NO2-3")),VLOOKUP(E5,QCNIC_N,2,),IF(AND(H5="UREA",OR(I5="TN",I5="TDN",I5="TNO2-3",I5="NO2-3")),VLOOKUP(E5,QCUREA_N,2,),IF(H5="PER",VLOOKUP(I5,QCPER,MATCH(E5,QCACTUAL!$J$25:$AA$25,0),),IF(H5="SPK",VLOOKUP(I5,QCSPK,3,),IF(AND(H5="ATP",OR(I5="TP",I5="TDP")),VLOOKUP(E5,QCATP_P,2,),"")))))))) | W5: =IF(AND(OR(H5="PER",H5="ATP",H5="GUP",H5="CHK",H5="SPK", H5="NIC"),OR(U5>125,U5<75)),"FALSE",IF(AND(H5="DUP",OR(U5>25, U5<-25)),"FALSE",IF(AND(OR(H5="LAB",H5="FLD",H5="ESF"),U5>15),"FALSE","TRUE"))) -> TRUE | X5: =IF(ISNA(VLOOKUP(H5,QCEQUATIONS,2,)),"",(VLOOKUP(H5,QCEQUATIONS,2,))) | Y5: OM_1-30-2025_10-50-49AMadj-adj (8500).OMN | AL5: =IF($O5="", "", IF(AQ5<>"", SUBSTITUTE(SUBSTITUTE(AQ5, "x", "*"&$O5&"^", 1), "x", "*"&$O5, 1), "")) -> FALSE | AM5: =IF($O5="", "", IF(AR5<>"", SUBSTITUTE(SUBSTITUTE(AR5, "x", "*"&$O5&"^", 1), "x", "*"&$O5, 1), "")) -> FALSE | AN5: =IF($O5="", "", IF(AS5<>"", SUBSTITUTE(SUBSTITUTE(AS5, "x", "*"&$O5&"^", 1), "x", "*"&$O5, 1), "")) -> FALSE | AO5: =IF($O5="", "FALSE", IF(AT5<>"FALSE", SUBSTITUTE(SUBSTITUTE(AT5, "x", "*"&$O5&"^", 1), "x", "*"&$O5, 1), "")) -> FALSE | AP5: =IF($O5="", "FALSE", IF(AU5<>"FALSE", SUBSTITUTE(SUBSTITUTE(AU5, "x", "*"&$O5&"^", 1), "x", "*"&$O5, 1), "")) -> FALSE | AQ5: =IF(AND(I5="TP",S5<=150),VLOOKUP(AF5,TPCalibEq150!$AZ$2:$BB$166,3,),IF(AND(I5="TDP",S5<=150),VLOOKUP(AF5,TPCalibEq150!$AZ$2:$BB$166,3,))) -> FALSE | AR5: =IF(AND(I5="TP",S5<=300),VLOOKUP(AF5,TPCalibEq300!$AZ$2:$BB$166,3,),IF(AND(I5="TDP",S5<=300),VLOOKUP(AF5,TPCalibEq300!$AZ$2:$BB$166,3,))) -> FALSE | AS5: =IF(AND(I5="TP",S5<=500),VLOOKUP(AF5,TPCalibEq500!$AZ$2:$BB$165,3,),IF(AND(I5="TDP",S5<=500),VLOOKUP(AF5,TPCalibEq500!$AZ$2:$BB$165,3,))) -> FALSE | AT5: =IF(AND(I5="TN",S5<=2800),VLOOKUP(AF5,TNCalibEq2500!$AZ$2:$BB$165,3,),IF(AND(I5="TDN",S5<=2800),VLOOKUP(AF5,TNCalibEq2500!$AZ$2:$BB$165,3,))) -> FALSE | AU5: =IF(I5="TP",VLOOKUP(AF5,TPCalibEqFull!$AZ$2:$BB$165,3),IF(I5="TDP",VLOOKUP(AF5,TPCalibEqFull!$AZ$2:$BB$165,3),IF(I5="TDN",VLOOKUP(AF5,TNCalibEqFull!$AZ$2:$BB$164,3),IF(I5="TN",VLOOKUP(AF5,TNCalibEqFull!$AZ$2:$BB$164,3),FALSE)))) -> FALSE | AV5: =TEXT(A5, "YYYYMMDD")&" "&TEXT(B5, "HH:MM:SS")&"-"&C5&"-"&D5&"-"&E5&"-"&F5&"-"&G5&"-"&H5 -> 20240803 00:00:00-1000-1-Dp-1-SW-UKN
A6: 45507 | B6: 0 | C6: 1000 | D6: 2 | E6: Sh | F6: 1 | G6: DI | H6: BLK | I6: TNH4 | J6: 4 | K6: 45687 | L6: 0.47179398 | M6: 1 | N6: N-1.1 | O6: 1.64 | P6: 0.177 | Q6: 100 | R6: ug-N/L | S6: =IF(OR(AND(I6<>"TP", I6<>"TDP",I6<>"TN", I6<>"TDN"),H6="CAL"), Q6*M6, IF(OR(AND(I6="TN", Q6>2500), AND(I6="TDN", Q6>2500)),MAX(Q6, AK6)*M6, IF(OR(AND(I6="TN", Q6<=2500), AND(I6="TDN", Q6<=2500)),MAX(Q6, AJ6,AK6)*M6, IF(OR(AND(I6="TP",Q6>500), AND(I6="TDP", Q6>500)),MAX(Q6,AK6)*M6,IF(OR(AND(I6="TP",Q6<=150), AND(I6="TDP", Q6<=150)),MAX(Q6,AG6:AI6,AK6)*M6,IF(OR(AND(I6="TP",Q6<=300), AND(I6="TDP", Q6<=300)),MAX(Q6,AH6,AI6,AK6)*M6,IF(OR(AND(I6="TP",Q6<=500), AND(I6="TDP", Q6<=500)),MAX(Q6,AI6,AK6)*M6,""))))))) -> 100 | T6: Conc = 0.169 * Area^2 + 60.8 * Area + 0.00 | U6: =IF(OR(H6="CHK",H6="ATP",H6="GUP",H6="PER", H6="NIC", H6="UREA"),(S6/V6*100),IF(H6="DUP",((ABS(S6-S5))/((S5+S6)/2))*100,IF(H6="SPK",((S6-S5)/V6*100),IF(OR(H6="LAB",H6="FLD",H6="ESF"),S6,"")))) | V6: =IF(H6="CHK",VLOOKUP(I6,QCCHK,3,),IF(H6="GUP",VLOOKUP(E6,QCGUP,2,),IF(AND(H6="ATP",OR(I6="TN",I6="TDN",I6="TNO2-3",I6="NO2-3")),VLOOKUP(E6,QCREC_N,2,),IF(AND(H6="NIC",OR(I6="TN",I6="TDN",I6="TNO2-3",I6="NO2-3")),VLOOKUP(E6,QCNIC_N,2,),IF(AND(H6="UREA",OR(I6="TN",I6="TDN",I6="TNO2-3",I6="NO2-3")),VLOOKUP(E6,QCUREA_N,2,),IF(H6="PER",VLOOKUP(I6,QCPER,MATCH(E6,QCACTUAL!$J$25:$AA$25,0),),IF(H6="SPK",VLOOKUP(I6,QCSPK,3,),IF(AND(H6="ATP",OR(I6="TP",I6="TDP")),VLOOKUP(E6,QCATP_P,2,),"")))))))) | W6: =IF(AND(OR(H6="PER",H6="ATP",H6="GUP",H6="CHK",H6="SPK", H6="NIC"),OR(U6>125,U6<75)),"FALSE",IF(AND(H6="DUP",OR(U6>25, U6<-25)),"FALSE",IF(AND(OR(H6="LAB",H6="FLD",H6="ESF"),U6>15),"FALSE","TRUE"))) -> TRUE | X6: =IF(ISNA(VLOOKUP(H6,QCEQUATIONS,2,)),"",(VLOOKUP(H6,QCEQUATIONS,2,))) | Y6: OM_1-30-2025_10-50-49AMadj-adj (8500).OMN | AL6: =IF($O6="", "", IF(AQ6<>"", SUBSTITUTE(SUBSTITUTE(AQ6, "x", "*"&$O6&"^", 1), "x", "*"&$O6, 1), "")) -> FALSE | AM6: =IF($O6="", "", IF(AR6<>"", SUBSTITUTE(SUBSTITUTE(AR6, "x", "*"&$O6&"^", 1), "x", "*"&$O6, 1), "")) -> FALSE | AN6: =IF($O6="", "", IF(AS6<>"", SUBSTITUTE(SUBSTITUTE(AS6, "x", "*"&$O6&"^", 1), "x", "*"&$O6, 1), "")) -> FALSE | AO6: =IF($O6="", "FALSE", IF(AT6<>"FALSE", SUBSTITUTE(SUBSTITUTE(AT6, "x", "*"&$O6&"^", 1), "x", "*"&$O6, 1), "")) -> FALSE | AP6: =IF($O6="", "FALSE", IF(AU6<>"FALSE", SUBSTITUTE(SUBSTITUTE(AU6, "x", "*"&$O6&"^", 1), "x", "*"&$O6, 1), "")) -> FALSE | AQ6: =IF(AND(I6="TP",S6<=150),VLOOKUP(AF6,TPCalibEq150!$AZ$2:$BB$166,3,),IF(AND(I6="TDP",S6<=150),VLOOKUP(AF6,TPCalibEq150!$AZ$2:$BB$166,3,))) -> FALSE | AR6: =IF(AND(I6="TP",S6<=300),VLOOKUP(AF6,TPCalibEq300!$AZ$2:$BB$166,3,),IF(AND(I6="TDP",S6<=300),VLOOKUP(AF6,TPCalibEq300!$AZ$2:$BB$166,3,))) -> FALSE | AS6: =IF(AND(I6="TP",S6<=500),VLOOKUP(AF6,TPCalibEq500!$AZ$2:$BB$165,3,),IF(AND(I6="TDP",S6<=500),VLOOKUP(AF6,TPCalibEq500!$AZ$2:$BB$165,3,))) -> FALSE | AT6: =IF(AND(I6="TN",S6<=2800),VLOOKUP(AF6,TNCalibEq2500!$AZ$2:$BB$165,3,),IF(AND(I6="TDN",S6<=2800),VLOOKUP(AF6,TNCalibEq2500!$AZ$2:$BB$165,3,))) -> FALSE | AU6: =IF(I6="TP",VLOOKUP(AF6,TPCalibEqFull!$AZ$2:$BB$165,3),IF(I6="TDP",VLOOKUP(AF6,TPCalibEqFull!$AZ$2:$BB$165,3),IF(I6="TDN",VLOOKUP(AF6,TNCalibEqFull!$AZ$2:$BB$164,3),IF(I6="TN",VLOOKUP(AF6,TNCalibEqFull!$AZ$2:$BB$164,3),FALSE)))) -> FALSE | AV6: =TEXT(A6, "YYYYMMDD")&" "&TEXT(B6, "HH:MM:SS")&"-"&C6&"-"&D6&"-"&E6&"-"&F6&"-"&G6&"-"&H6 -> 20240803 00:00:00-1000-2-Sh-1-DI-BLK
A7: 45507 | B7: 0 | C7: 1000 | D7: 2 | E7: Sh | F7: 1 | G7: SW | H7: UKN | I7: TNH4 | J7: 5 | K7: 45687 | L7: 0.47259259 | M7: 1 | N7: N-1.1 | O7: 0.329 | P7: 0.0305 | Q7: 20 | R7: ug-N/L | S7: =IF(OR(AND(I7<>"TP", I7<>"TDP",I7<>"TN", I7<>"TDN"),H7="CAL"), Q7*M7, IF(OR(AND(I7="TN", Q7>2500), AND(I7="TDN", Q7>2500)),MAX(Q7, AK7)*M7, IF(OR(AND(I7="TN", Q7<=2500), AND(I7="TDN", Q7<=2500)),MAX(Q7, AJ7,AK7)*M7, IF(OR(AND(I7="TP",Q7>500), AND(I7="TDP", Q7>500)),MAX(Q7,AK7)*M7,IF(OR(AND(I7="TP",Q7<=150), AND(I7="TDP", Q7<=150)),MAX(Q7,AG7:AI7,AK7)*M7,IF(OR(AND(I7="TP",Q7<=300), AND(I7="TDP", Q7<=300)),MAX(Q7,AH7,AI7,AK7)*M7,IF(OR(AND(I7="TP",Q7<=500), AND(I7="TDP", Q7<=500)),MAX(Q7,AI7,AK7)*M7,""))))))) -> 20 | T7: Conc = 0.169 * Area^2 + 60.8 * Area + 0.00 | U7: =IF(OR(H7="CHK",H7="ATP",H7="GUP",H7="PER", H7="NIC", H7="UREA"),(S7/V7*100),IF(H7="DUP",((ABS(S7-S6))/((S6+S7)/2))*100,IF(H7="SPK",((S7-S6)/V7*100),IF(OR(H7="LAB",H7="FLD",H7="ESF"),S7,"")))) | V7: =IF(H7="CHK",VLOOKUP(I7,QCCHK,3,),IF(H7="GUP",VLOOKUP(E7,QCGUP,2,),IF(AND(H7="ATP",OR(I7="TN",I7="TDN",I7="TNO2-3",I7="NO2-3")),VLOOKUP(E7,QCREC_N,2,),IF(AND(H7="NIC",OR(I7="TN",I7="TDN",I7="TNO2-3",I7="NO2-3")),VLOOKUP(E7,QCNIC_N,2,),IF(AND(H7="UREA",OR(I7="TN",I7="TDN",I7="TNO2-3",I7="NO2-3")),VLOOKUP(E7,QCUREA_N,2,),IF(H7="PER",VLOOKUP(I7,QCPER,MATCH(E7,QCACTUAL!$J$25:$AA$25,0),),IF(H7="SPK",VLOOKUP(I7,QCSPK,3,),IF(AND(H7="ATP",OR(I7="TP",I7="TDP")),VLOOKUP(E7,QCATP_P,2,),"")))))))) | W7: =IF(AND(OR(H7="PER",H7="ATP",H7="GUP",H7="CHK",H7="SPK", H7="NIC"),OR(U7>125,U7<75)),"FALSE",IF(AND(H7="DUP",OR(U7>25, U7<-25)),"FALSE",IF(AND(OR(H7="LAB",H7="FLD",H7="ESF"),U7>15),"FALSE","TRUE"))) -> TRUE | X7: =IF(ISNA(VLOOKUP(H7,QCEQUATIONS,2,)),"",(VLOOKUP(H7,QCEQUATIONS,2,))) | Y7: OM_1-30-2025_10-50-49AMadj-adj (8500).OMN | AL7: =IF($O7="", "", IF(AQ7<>"", SUBSTITUTE(SUBSTITUTE(AQ7, "x", "*"&$O7&"^", 1), "x", "*"&$O7, 1), "")) -> FALSE | AM7: =IF($O7="", "", IF(AR7<>"", SUBSTITUTE(SUBSTITUTE(AR7, "x", "*"&$O7&"^", 1), "x", "*"&$O7, 1), "")) -> FALSE | AN7: =IF($O7="", "", IF(AS7<>"", SUBSTITUTE(SUBSTITUTE(AS7, "x", "*"&$O7&"^", 1), "x", "*"&$O7, 1), "")) -> FALSE | AO7: =IF($O7="", "FALSE", IF(AT7<>"FALSE", SUBSTITUTE(SUBSTITUTE(AT7, "x", "*"&$O7&"^", 1), "x", "*"&$O7, 1), "")) -> FALSE | AP7: =IF($O7="", "FALSE", IF(AU7<>"FALSE", SUBSTITUTE(SUBSTITUTE(AU7, "x", "*"&$O7&"^", 1), "x", "*"&$O7, 1), "")) -> FALSE | AQ7: =IF(AND(I7="TP",S7<=150),VLOOKUP(AF7,TPCalibEq150!$AZ$2:$BB$166,3,),IF(AND(I7="TDP",S7<=150),VLOOKUP(AF7,TPCalibEq150!$AZ$2:$BB$166,3,))) -> FALSE | AR7: =IF(AND(I7="TP",S7<=300),VLOOKUP(AF7,TPCalibEq300!$AZ$2:$BB$166,3,),IF(AND(I7="TDP",S7<=300),VLOOKUP(AF7,TPCalibEq300!$AZ$2:$BB$166,3,))) -> FALSE | AS7: =IF(AND(I7="TP",S7<=500),VLOOKUP(AF7,TPCalibEq500!$AZ$2:$BB$165,3,),IF(AND(I7="TDP",S7<=500),VLOOKUP(AF7,TPCalibEq500!$AZ$2:$BB$165,3,))) -> FALSE | AT7: =IF(AND(I7="TN",S7<=2800),VLOOKUP(AF7,TNCalibEq2500!$AZ$2:$BB$165,3,),IF(AND(I7="TDN",S7<=2800),VLOOKUP(AF7,TNCalibEq2500!$AZ$2:$BB$165,3,))) -> FALSE | AU7: =IF(I7="TP",VLOOKUP(AF7,TPCalibEqFull!$AZ$2:$BB$165,3),IF(I7="TDP",VLOOKUP(AF7,TPCalibEqFull!$AZ$2:$BB$165,3),IF(I7="TDN",VLOOKUP(AF7,TNCalibEqFull!$AZ$2:$BB$164,3),IF(I7="TN",VLOOKUP(AF7,TNCalibEqFull!$AZ$2:$BB$164,3),FALSE)))) -> FALSE | AV7: =TEXT(A7, "YYYYMMDD")&" "&TEXT(B7, "HH:MM:SS")&"-"&C7&"-"&D7&"-"&E7&"-"&F7&"-"&G7&"-"&H7 -> 20240803 00:00:00-1000-2-Sh-1-SW-UKN
A8: 45507 | B8: 0 | C8: 1000 | D8: 2 | E8: Sh | F8: 2 | G8: SW | H8: UKN | I8: TNH4 | J8: 6 | K8: 45687 | L8: 0.47340278 | M8: 1 | N8: N-1.1 | O8: 0.101 | P8: 0.00635 | Q8: 6.16 | R8: ug-N/L | S8: =IF(OR(AND(I8<>"TP", I8<>"TDP",I8<>"TN", I8<>"TDN"),H8="CAL"), Q8*M8, IF(OR(AND(I8="TN", Q8>2500), AND(I8="TDN", Q8>2500)),MAX(Q8, AK8)*M8, IF(OR(AND(I8="TN", Q8<=2500), AND(I8="TDN", Q8<=2500)),MAX(Q8, AJ8,AK8)*M8, IF(OR(AND(I8="TP",Q8>500), AND(I8="TDP", Q8>500)),MAX(Q8,AK8)*M8,IF(OR(AND(I8="TP",Q8<=150), AND(I8="TDP", Q8<=150)),MAX(Q8,AG8:AI8,AK8)*M8,IF(OR(AND(I8="TP",Q8<=300), AND(I8="TDP", Q8<=300)),MAX(Q8,AH8,AI8,AK8)*M8,IF(OR(AND(I8="TP",Q8<=500), AND(I8="TDP", Q8<=500)),MAX(Q8,AI8,AK8)*M8,""))))))) -> 6.16 | T8: Conc = 0.169 * Area^2 + 60.8 * Area + 0.00 | U8: =IF(OR(H8="CHK",H8="ATP",H8="GUP",H8="PER", H8="NIC", H8="UREA"),(S8/V8*100),IF(H8="DUP",((ABS(S8-S7))/((S7+S8)/2))*100,IF(H8="SPK",((S8-S7)/V8*100),IF(OR(H8="LAB",H8="FLD",H8="ESF"),S8,"")))) | V8: =IF(H8="CHK",VLOOKUP(I8,QCCHK,3,),IF(H8="GUP",VLOOKUP(E8,QCGUP,2,),IF(AND(H8="ATP",OR(I8="TN",I8="TDN",I8="TNO2-3",I8="NO2-3")),VLOOKUP(E8,QCREC_N,2,),IF(AND(H8="NIC",OR(I8="TN",I8="TDN",I8="TNO2-3",I8="NO2-3")),VLOOKUP(E8,QCNIC_N,2,),IF(AND(H8="UREA",OR(I8="TN",I8="TDN",I8="TNO2-3",I8="NO2-3")),VLOOKUP(E8,QCUREA_N,2,),IF(H8="PER",VLOOKUP(I8,QCPER,MATCH(E8,QCACTUAL!$J$25:$AA$25,0),),IF(H8="SPK",VLOOKUP(I8,QCSPK,3,),IF(AND(H8="ATP",OR(I8="TP",I8="TDP")),VLOOKUP(E8,QCATP_P,2,),"")))))))) | W8: =IF(AND(OR(H8="PER",H8="ATP",H8="GUP",H8="CHK",H8="SPK", H8="NIC"),OR(U8>125,U8<75)),"FALSE",IF(AND(H8="DUP",OR(U8>25, U8<-25)),"FALSE",IF(AND(OR(H8="LAB",H8="FLD",H8="ESF"),U8>15),"FALSE","TRUE"))) -> TRUE | X8: =IF(ISNA(VLOOKUP(H8,QCEQUATIONS,2,)),"",(VLOOKUP(H8,QCEQUATIONS,2,))) | Y8: OM_1-30-2025_10-50-49AMadj-adj (8500).OMN | AL8: =IF($O8="", "", IF(AQ8<>"", SUBSTITUTE(SUBSTITUTE(AQ8, "x", "*"&$O8&"^", 1), "x", "*"&$O8, 1), "")) -> FALSE | AM8: =IF($O8="", "", IF(AR8<>"", SUBSTITUTE(SUBSTITUTE(AR8, "x", "*"&$O8&"^", 1), "x", "*"&$O8, 1), "")) -> FALSE | AN8: =IF($O8="", "", IF(AS8<>"", SUBSTITUTE(SUBSTITUTE(AS8, "x", "*"&$O8&"^", 1), "x", "*"&$O8, 1), "")) -> FALSE | AO8: =IF($O8="", "FALSE", IF(AT8<>"FALSE", SUBSTITUTE(SUBSTITUTE(AT8, "x", "*"&$O8&"^", 1), "x", "*"&$O8, 1), "")) -> FALSE | AP8: =IF($O8="", "FALSE", IF(AU8<>"FALSE", SUBSTITUTE(SUBSTITUTE(AU8, "x", "*"&$O8&"^", 1), "x", "*"&$O8, 1), "")) -> FALSE | AQ8: =IF(AND(I8="TP",S8<=150),VLOOKUP(AF8,TPCalibEq150!$AZ$2:$BB$166,3,),IF(AND(I8="TDP",S8<=150),VLOOKUP(AF8,TPCalibEq150!$AZ$2:$BB$166,3,))) -> FALSE | AR8: =IF(AND(I8="TP",S8<=300),VLOOKUP(AF8,TPCalibEq300!$AZ$2:$BB$166,3,),IF(AND(I8="TDP",S8<=300),VLOOKUP(AF8,TPCalibEq300!$AZ$2:$BB$166,3,))) -> FALSE | AS8: =IF(AND(I8="TP",S8<=500),VLOOKUP(AF8,TPCalibEq500!$AZ$2:$BB$165,3,),IF(AND(I8="TDP",S8<=500),VLOOKUP(AF8,TPCalibEq500!$AZ$2:$BB$165,3,))) -> FALSE | AT8: =IF(AND(I8="TN",S8<=2800),VLOOKUP(AF8,TNCalibEq2500!$AZ$2:$BB$165,3,),IF(AND(I8="TDN",S8<=2800),VLOOKUP(AF8,TNCalibEq2500!$AZ$2:$BB$165,3,))) -> FALSE | AU8: =IF(I8="TP",VLOOKUP(AF8,TPCalibEqFull!$AZ$2:$BB$165,3),IF(I8="TDP",VLOOKUP(AF8,TPCalibEqFull!$AZ$2:$BB$165,3),IF(I8="TDN",VLOOKUP(AF8,TNCalibEqFull!$AZ$2:$BB$164,3),IF(I8="TN",VLOOKUP(AF8,TNCalibEqFull!$AZ$2:$BB$164,3),FALSE)))) -> FALSE | AV8: =TEXT(A8, "YYYYMMDD")&" "&TEXT(B8, "HH:MM:SS")&"-"&C8&"-"&D8&"-"&E8&"-"&F8&"-"&G8&"-"&H8 -> 20240803 00:00:00-1000-2-Sh-2-SW-UKN
A9: 45500 | B9: 0 | C9: 1000 | D9: 2 | E9: Dp | F9: 1 | G9: SW | H9: UKN | I9: TNH4 | J9: 7 | K9: 45687 | L9: 0.47422454 | M9: 1 | N9: N-1.1 | O9: 0.0132 | P9: 0.00161 | Q9: 0.801 | R9: ug-N/L | S9: =IF(OR(AND(I9<>"TP", I9<>"TDP",I9<>"TN", I9<>"TDN"),H9="CAL"), Q9*M9, IF(OR(AND(I9="TN", Q9>2500), AND(I9="TDN", Q9>2500)),MAX(Q9, AK9)*M9, IF(OR(AND(I9="TN", Q9<=2500), AND(I9="TDN", Q9<=2500)),MAX(Q9, AJ9,AK9)*M9, IF(OR(AND(I9="TP",Q9>500), AND(I9="TDP", Q9>500)),MAX(Q9,AK9)*M9,IF(OR(AND(I9="TP",Q9<=150), AND(I9="TDP", Q9<=150)),MAX(Q9,AG9:AI9,AK9)*M9,IF(OR(AND(I9="TP",Q9<=300), AND(I9="TDP", Q9<=300)),MAX(Q9,AH9,AI9,AK9)*M9,IF(OR(AND(I9="TP",Q9<=500), AND(I9="TDP", Q9<=500)),MAX(Q9,AI9,AK9)*M9,""))))))) -> 0.801 | T9: Conc = 0.169 * Area^2 + 60.8 * Area + 0.00 | U9: =IF(OR(H9="CHK",H9="ATP",H9="GUP",H9="PER", H9="NIC", H9="UREA"),(S9/V9*100),IF(H9="DUP",((ABS(S9-S8))/((S8+S9)/2))*100,IF(H9="SPK",((S9-S8)/V9*100),IF(OR(H9="LAB",H9="FLD",H9="ESF"),S9,"")))) | V9: =IF(H9="CHK",VLOOKUP(I9,QCCHK,3,),IF(H9="GUP",VLOOKUP(E9,QCGUP,2,),IF(AND(H9="ATP",OR(I9="TN",I9="TDN",I9="TNO2-3",I9="NO2-3")),VLOOKUP(E9,QCREC_N,2,),IF(AND(H9="NIC",OR(I9="TN",I9="TDN",I9="TNO2-3",I9="NO2-3")),VLOOKUP(E9,QCNIC_N,2,),IF(AND(H9="UREA",OR(I9="TN",I9="TDN",I9="TNO2-3",I9="NO2-3")),VLOOKUP(E9,QCUREA_N,2,),IF(H9="PER",VLOOKUP(I9,QCPER,MATCH(E9,QCACTUAL!$J$25:$AA$25,0),),IF(H9="SPK",VLOOKUP(I9,QCSPK,3,),IF(AND(H9="ATP",OR(I9="TP",I9="TDP")),VLOOKUP(E9,QCATP_P,2,),"")))))))) | W9: =IF(AND(OR(H9="PER",H9="ATP",H9="GUP",H9="CHK",H9="SPK", H9="NIC"),OR(U9>125,U9<75)),"FALSE",IF(AND(H9="DUP",OR(U9>25, U9<-25)),"FALSE",IF(AND(OR(H9="LAB",H9="FLD",H9="ESF"),U9>15),"FALSE","TRUE"))) -> TRUE | X9: =IF(ISNA(VLOOKUP(H9,QCEQUATIONS,2,)),"",(VLOOKUP(H9,QCEQUATIONS,2,))) | Y9: OM_1-30-2025_10-50-49AMadj-adj (8500).OMN | AL9: =IF($O9="", "", IF(AQ9<>"", SUBSTITUTE(SUBSTITUTE(AQ9, "x", "*"&$O9&"^", 1), "x", "*"&$O9, 1), "")) -> FALSE | AM9: =IF($O9="", "", IF(AR9<>"", SUBSTITUTE(SUBSTITUTE(AR9, "x", "*"&$O9&"^", 1), "x", "*"&$O9, 1), "")) -> FALSE | AN9: =IF($O9="", "", IF(AS9<>"", SUBSTITUTE(SUBSTITUTE(AS9, "x", "*"&$O9&"^", 1), "x", "*"&$O9, 1), "")) -> FALSE | AO9: =IF($O9="", "FALSE", IF(AT9<>"FALSE", SUBSTITUTE(SUBSTITUTE(AT9, "x", "*"&$O9&"^", 1), "x", "*"&$O9, 1), "")) -> FALSE | AP9: =IF($O9="", "FALSE", IF(AU9<>"FALSE", SUBSTITUTE(SUBSTITUTE(AU9, "x", "*"&$O9&"^", 1), "x", "*"&$O9, 1), "")) -> FALSE | AQ9: =IF(AND(I9="TP",S9<=150),VLOOKUP(AF9,TPCalibEq150!$AZ$2:$BB$166,3,),IF(AND(I9="TDP",S9<=150),VLOOKUP(AF9,TPCalibEq150!$AZ$2:$BB$166,3,))) -> FALSE | AR9: =IF(AND(I9="TP",S9<=300),VLOOKUP(AF9,TPCalibEq300!$AZ$2:$BB$166,3,),IF(AND(I9="TDP",S9<=300),VLOOKUP(AF9,TPCalibEq300!$AZ$2:$BB$166,3,))) -> FALSE | AS9: =IF(AND(I9="TP",S9<=500),VLOOKUP(AF9,TPCalibEq500!$AZ$2:$BB$165,3,),IF(AND(I9="TDP",S9<=500),VLOOKUP(AF9,TPCalibEq500!$AZ$2:$BB$165,3,))) -> FALSE | AT9: =IF(AND(I9="TN",S9<=2800),VLOOKUP(AF9,TNCalibEq2500!$AZ$2:$BB$165,3,),IF(AND(I9="TDN",S9<=2800),VLOOKUP(AF9,TNCalibEq2500!$AZ$2:$BB$165,3,))) -> FALSE | AU9: =IF(I9="TP",VLOOKUP(AF9,TPCalibEqFull!$AZ$2:$BB$165,3),IF(I9="TDP",VLOOKUP(AF9,TPCalibEqFull!$AZ$2:$BB$165,3),IF(I9="TDN",VLOOKUP(AF9,TNCalibEqFull!$AZ$2:$BB$164,3),IF(I9="TN",VLOOKUP(AF9,TNCalibEqFull!$AZ$2:$BB$164,3),FALSE)))) -> FALSE | AV9: =TEXT(A9, "YYYYMMDD")&" "&TEXT(B9, "HH:MM:SS")&"-"&C9&"-"&D9&"-"&E9&"-"&F9&"-"&G9&"-"&H9 -> 20240727 00:00:00-1000-2-Dp-1-SW-UKN
A10: 45500 | B10: 0 | C10: 1000 | D10: 3 | E10: Sh | F10: 1 | G10: DI | H10: BLK | I10: TNH4 | J10: 8 | K10: 45687 | L10: 0.47505787 | M10: 1 | N10: N-1.1 | O10: 0.28 | P10: 0.304 | Q10: 17 | R10: ug-N/L | S10: =IF(OR(AND(I10<>"TP", I10<>"TDP",I10<>"TN", I10<>"TDN"),H10="CAL"), Q10*M10, IF(OR(AND(I10="TN", Q10>2500), AND(I10="TDN", Q10>2500)),MAX(Q10, AK10)*M10, IF(OR(AND(I10="TN", Q10<=2500), AND(I10="TDN", Q10<=2500)),MAX(Q10, AJ10,AK10)*M10, IF(OR(AND(I10="TP",Q10>500), AND(I10="TDP", Q10>500)),MAX(Q10,AK10)*M10,IF(OR(AND(I10="TP",Q10<=150), AND(I10="TDP", Q10<=150)),MAX(Q10,AG10:AI10,AK10)*M10,IF(OR(AND(I10="TP",Q10<=300), AND(I10="TDP", Q10<=300)),MAX(Q10,AH10,AI10,AK10)*M10,IF(OR(AND(I10="TP",Q10<=500), AND(I10="TDP", Q10<=500)),MAX(Q10,AI10,AK10)*M10,""))))))) -> 17 | T10: Conc = 0.169 * Area^2 + 60.8 * Area + 0.00 | U10: =IF(OR(H10="CHK",H10="ATP",H10="GUP",H10="PER", H10="NIC", H10="UREA"),(S10/V10*100),IF(H10="DUP",((ABS(S10-S9))/((S9+S10)/2))*100,IF(H10="SPK",((S10-S9)/V10*100),IF(OR(H10="LAB",H10="FLD",H10="ESF"),S10,"")))) | V10: =IF(H10="CHK",VLOOKUP(I10,QCCHK,3,),IF(H10="GUP",VLOOKUP(E10,QCGUP,2,),IF(AND(H10="ATP",OR(I10="TN",I10="TDN",I10="TNO2-3",I10="NO2-3")),VLOOKUP(E10,QCREC_N,2,),IF(AND(H10="NIC",OR(I10="TN",I10="TDN",I10="TNO2-3",I10="NO2-3")),VLOOKUP(E10,QCNIC_N,2,),IF(AND(H10="UREA",OR(I10="TN",I10="TDN",I10="TNO2-3",I10="NO2-3")),VLOOKUP(E10,QCUREA_N,2,),IF(H10="PER",VLOOKUP(I10,QCPER,MATCH(E10,QCACTUAL!$J$25:$AA$25,0),),IF(H10="SPK",VLOOKUP(I10,QCSPK,3,),IF(AND(H10="ATP",OR(I10="TP",I10="TDP")),VLOOKUP(E10,QCATP_P,2,),"")))))))) | W10: =IF(AND(OR(H10="PER",H10="ATP",H10="GUP",H10="CHK",H10="SPK", H10="NIC"),OR(U10>125,U10<75)),"FALSE",IF(AND(H10="DUP",OR(U10>25, U10<-25)),"FALSE",IF(AND(OR(H10="LAB",H10="FLD",H10="ESF"),U10>15),"FALSE","TRUE"))) -> TRUE | X10: =IF(ISNA(VLOOKUP(H10,QCEQUATIONS,2,)),"",(VLOOKUP(H10,QCEQUATIONS,2,))) | Y10: OM_1-30-2025_10-50-49AMadj-adj (8500).OMN | AL10: =IF($O10="", "", IF(AQ10<>"", SUBSTITUTE(SUBSTITUTE(AQ10, "x", "*"&$O10&"^", 1), "x", "*"&$O10, 1), "")) -> FALSE | AM10: =IF($O10="", "", IF(AR10<>"", SUBSTITUTE(SUBSTITUTE(AR10, "x", "*"&$O10&"^", 1), "x", "*"&$O10, 1), "")) -> FALSE | AN10: =IF($O10="", "", IF(AS10<>"", SUBSTITUTE(SUBSTITUTE(AS10, "x", "*"&$O10&"^", 1), "x", "*"&$O10, 1), "")) -> FALSE | AO10: =IF($O10="", "FALSE", IF(AT10<>"FALSE", SUBSTITUTE(SUBSTITUTE(AT10, "x", "*"&$O10&"^", 1), "x", "*"&$O10, 1), "")) -> FALSE | AP10: =IF($O10="", "FALSE", IF(AU10<>"FALSE", SUBSTITUTE(SUBSTITUTE(AU10, "x", "*"&$O10&"^", 1), "x", "*"&$O10, 1), "")) -> FALSE | AQ10: =IF(AND(I10="TP",S10<=150),VLOOKUP(AF10,TPCalibEq150!$AZ$2:$BB$166,3,),IF(AND(I10="TDP",S10<=150),VLOOKUP(AF10,TPCalibEq150!$AZ$2:$BB$166,3,))) -> FALSE | AR10: =IF(AND(I10="TP",S10<=300),VLOOKUP(AF10,TPCalibEq300!$AZ$2:$BB$166,3,),IF(AND(I10="TDP",S10<=300),VLOOKUP(AF10,TPCalibEq300!$AZ$2:$BB$166,3,))) -> FALSE | AS10: =IF(AND(I10="TP",S10<=500),VLOOKUP(AF10,TPCalibEq500!$AZ$2:$BB$165,3,),IF(AND(I10="TDP",S10<=500),VLOOKUP(AF10,TPCalibEq500!$AZ$2:$BB$165,3,))) -> FALSE | AT10: =IF(AND(I10="TN",S10<=2800),VLOOKUP(AF10,TNCalibEq2500!$AZ$2:$BB$165,3,),IF(AND(I10="TDN",S10<=2800),VLOOKUP(AF10,TNCalibEq2500!$AZ$2:$BB$165,3,))) -> FALSE | AU10: =IF(I10="TP",VLOOKUP(AF10,TPCalibEqFull!$AZ$2:$BB$165,3),IF(I10="TDP",VLOOKUP(AF10,TPCalibEqFull!$AZ$2:$BB$165,3),IF(I10="TDN",VLOOKUP(AF10,TNCalibEqFull!$AZ$2:$BB$164,3),IF(I10="TN",VLOOKUP(AF10,TNCalibEqFull!$AZ$2:$BB$164,3),FALSE)))) -> FALSE | AV10: =TEXT(A10, "YYYYMMDD")&" "&TEXT(B10, "HH:MM:SS")&"-"&C10&"-"&D10&"-"&E10&"-"&F10&"-"&G10&"-"&H10 -> 20240727 00:00:00-1000-3-Sh-1-DI-BLK
A11: 45500 | B11: 0 | C11: 1000 | D11: 3 | E11: Sh | F11: 1 | G11: SW | H11: UKN | I11: TNH4 | J11: 9 | K11: 45687 | L11: 0.47587963 | M11: 1 | N11: N-1.1 | O11: 0.0639 | P11: 0.00991 | Q11: 3.88 | R11: ug-N/L | S11: =IF(OR(AND(I11<>"TP", I11<>"TDP",I11<>"TN", I11<>"TDN"),H11="CAL"), Q11*M11, IF(OR(AND(I11="TN", Q11>2500), AND(I11="TDN", Q11>2500)),MAX(Q11, AK11)*M11, IF(OR(AND(I11="TN", Q11<=2500), AND(I11="TDN", Q11<=2500)),MAX(Q11, AJ11,AK11)*M11, IF(OR(AND(I11="TP",Q11>500), AND(I11="TDP", Q11>500)),MAX(Q11,AK11)*M11,IF(OR(AND(I11="TP",Q11<=150), AND(I11="TDP", Q11<=150)),MAX(Q11,AG11:AI11,AK11)*M11,IF(OR(AND(I11="TP",Q11<=300), AND(I11="TDP", Q11<=300)),MAX(Q11,AH11,AI11,AK11)*M11,IF(OR(AND(I11="TP",Q11<=500), AND(I11="TDP", Q11<=500)),MAX(Q11,AI11,AK11)*M11,""))))))) -> 3.88 | T11: Conc = 0.169 * Area^2 + 60.8 * Area + 0.00 | U11: =IF(OR(H11="CHK",H11="ATP",H11="GUP",H11="PER", H11="NIC", H11="UREA"),(S11/V11*100),IF(H11="DUP",((ABS(S11-S10))/((S10+S11)/2))*100,IF(H11="SPK",((S11-S10)/V11*100),IF(OR(H11="LAB",H11="FLD",H11="ESF"),S11,"")))) | V11: =IF(H11="CHK",VLOOKUP(I11,QCCHK,3,),IF(H11="GUP",VLOOKUP(E11,QCGUP,2,),IF(AND(H11="ATP",OR(I11="TN",I11="TDN",I11="TNO2-3",I11="NO2-3")),VLOOKUP(E11,QCREC_N,2,),IF(AND(H11="NIC",OR(I11="TN",I11="TDN",I11="TNO2-3",I11="NO2-3")),VLOOKUP(E11,QCNIC_N,2,),IF(AND(H11="UREA",OR(I11="TN",I11="TDN",I11="TNO2-3",I11="NO2-3")),VLOOKUP(E11,QCUREA_N,2,),IF(H11="PER",VLOOKUP(I11,QCPER,MATCH(E11,QCACTUAL!$J$25:$AA$25,0),),IF(H11="SPK",VLOOKUP(I11,QCSPK,3,),IF(AND(H11="ATP",OR(I11="TP",I11="TDP")),VLOOKUP(E11,QCATP_P,2,),"")))))))) | W11: =IF(AND(OR(H11="PER",H11="ATP",H11="GUP",H11="CHK",H11="SPK", H11="NIC"),OR(U11>125,U11<75)),"FALSE",IF(AND(H11="DUP",OR(U11>25, U11<-25)),"FALSE",IF(AND(OR(H11="LAB",H11="FLD",H11="ESF"),U11>15),"FALSE","TRUE"))) -> TRUE | X11: =IF(ISNA(VLOOKUP(H11,QCEQUATIONS,2,)),"",(VLOOKUP(H11,QCEQUATIONS,2,))) | Y11: OM_1-30-2025_10-50-49AMadj-adj (8500).OMN | AL11: =IF($O11="", "", IF(AQ11<>"", SUBSTITUTE(SUBSTITUTE(AQ11, "x", "*"&$O11&"^", 1), "x", "*"&$O11, 1), "")) -> FALSE | AM11: =IF($O11="", "", IF(AR11<>"", SUBSTITUTE(SUBSTITUTE(AR11, "x", "*"&$O11&"^", 1), "x", "*"&$O11, 1), "")) -> FALSE | AN11: =IF($O11="", "", IF(AS11<>"", SUBSTITUTE(SUBSTITUTE(AS11, "x", "*"&$O11&"^", 1), "x", "*"&$O11, 1), "")) -> FALSE | AO11: =IF($O11="", "FALSE", IF(AT11<>"FALSE", SUBSTITUTE(SUBSTITUTE(AT11, "x", "*"&$O11&"^", 1), "x", "*"&$O11, 1), "")) -> FALSE | AP11: =IF($O11="", "FALSE", IF(AU11<>"FALSE", SUBSTITUTE(SUBSTITUTE(AU11, "x", "*"&$O11&"^", 1), "x", "*"&$O11, 1), "")) -> FALSE | AQ11: =IF(AND(I11="TP",S11<=150),VLOOKUP(AF11,TPCalibEq150!$AZ$2:$BB$166,3,),IF(AND(I11="TDP",S11<=150),VLOOKUP(AF11,TPCalibEq150!$AZ$2:$BB$166,3,))) -> FALSE | AR11: =IF(AND(I11="TP",S11<=300),VLOOKUP(AF11,TPCalibEq300!$AZ$2:$BB$166,3,),IF(AND(I11="TDP",S11<=300),VLOOKUP(AF11,TPCalibEq300!$AZ$2:$BB$166,3,))) -> FALSE | AS11: =IF(AND(I11="TP",S11<=500),VLOOKUP(AF11,TPCalibEq500!$AZ$2:$BB$165,3,),IF(AND(I11="TDP",S11<=500),VLOOKUP(AF11,TPCalibEq500!$AZ$2:$BB$165,3,))) -> FALSE | AT11: =IF(AND(I11="TN",S11<=2800),VLOOKUP(AF11,TNCalibEq2500!$AZ$2:$BB$165,3,),IF(AND(I11="TDN",S11<=2800),VLOOKUP(AF11,TNCalibEq2500!$AZ$2:$BB$165,3,))) -> FALSE | AU11: =IF(I11="TP",VLOOKUP(AF11,TPCalibEqFull!$AZ$2:$BB$165,3),IF(I11="TDP",VLOOKUP(AF11,TPCalibEqFull!$AZ$2:$BB$165,3),IF(I11="TDN",VLOOKUP(AF11,TNCalibEqFull!$AZ$2:$BB$164,3),IF(I11="TN",VLOOKUP(AF11,TNCalibEqFull!$AZ$2:$BB$164,3),FALSE)))) -> FALSE | AV11: =TEXT(A11, "YYYYMMDD")&" "&TEXT(B11, "HH:MM:SS")&"-"&C11&"-"&D11&"-"&E11&"-"&F11&"-"&G11&"-"&H11 -> 20240727 00:00:00-1000-3-Sh-1-SW-UKN
A12: 45500 | B12: 0 | C12: 1000 | D12: 3 | E12: Sh | F12: 2 | G12: SW | H12: UKN | I12: TNH4 | J12: 10 | K12: 45687 | L12: 0.47667824 | M12: 1 | N12: N-1.1 | O12: 0.0399 | P12: 0.0461 | Q12: 2.42 | R12: ug-N/L | S12: =IF(OR(AND(I12<>"TP", I12<>"TDP",I12<>"TN", I12<>"TDN"),H12="CAL"), Q12*M12, IF(OR(AND(I12="TN", Q12>2500), AND(I12="TDN", Q12>2500)),MAX(Q12, AK12)*M12, IF(OR(AND(I12="TN", Q12<=2500), AND(I12="TDN", Q12<=2500)),MAX(Q12, AJ12,AK12)*M12, IF(OR(AND(I12="TP",Q12>500), AND(I12="TDP", Q12>500)),MAX(Q12,AK12)*M12,IF(OR(AND(I12="TP",Q12<=150), AND(I12="TDP", Q12<=150)),MAX(Q12,AG12:AI12,AK12)*M12,IF(OR(AND(I12="TP",Q12<=300), AND(I12="TDP", Q12<=300)),MAX(Q12,AH12,AI12,AK12)*M12,IF(OR(AND(I12="TP",Q12<=500), AND(I12="TDP", Q12<=500)),MAX(Q12,AI12,AK12)*M12,""))))))) -> 2.42 | T12: Conc = 0.169 * Area^2 + 60.8 * Area + 0.00 | U12: =IF(OR(H12="CHK",H12="ATP",H12="GUP",H12="PER", H12="NIC", H12="UREA"),(S12/V12*100),IF(H12="DUP",((ABS(S12-S11))/((S11+S12)/2))*100,IF(H12="SPK",((S12-S11)/V12*100),IF(OR(H12="LAB",H12="FLD",H12="ESF"),S12,"")))) | V12: =IF(H12="CHK",VLOOKUP(I12,QCCHK,3,),IF(H12="GUP",VLOOKUP(E12,QCGUP,2,),IF(AND(H12="ATP",OR(I12="TN",I12="TDN",I12="TNO2-3",I12="NO2-3")),VLOOKUP(E12,QCREC_N,2,),IF(AND(H12="NIC",OR(I12="TN",I12="TDN",I12="TNO2-3",I12="NO2-3")),VLOOKUP(E12,QCNIC_N,2,),IF(AND(H12="UREA",OR(I12="TN",I12="TDN",I12="TNO2-3",I12="NO2-3")),VLOOKUP(E12,QCUREA_N,2,),IF(H12="PER",VLOOKUP(I12,QCPER,MATCH(E12,QCACTUAL!$J$25:$AA$25,0),),IF(H12="SPK",VLOOKUP(I12,QCSPK,3,),IF(AND(H12="ATP",OR(I12="TP",I12="TDP")),VLOOKUP(E12,QCATP_P,2,),"")))))))) | W12: =IF(AND(OR(H12="PER",H12="ATP",H12="GUP",H12="CHK",H12="SPK", H12="NIC"),OR(U12>125,U12<75)),"FALSE",IF(AND(H12="DUP",OR(U12>25, U12<-25)),"FALSE",IF(AND(OR(H12="LAB",H12="FLD",H12="ESF"),U12>15),"FALSE","TRUE"))) -> TRUE | X12: =IF(ISNA(VLOOKUP(H12,QCEQUATIONS,2,)),"",(VLOOKUP(H12,QCEQUATIONS,2,))) | Y12: OM_1-30-2025_10-50-49AMadj-adj (8500).OMN | AL12: =IF($O12="", "", IF(AQ12<>"", SUBSTITUTE(SUBSTITUTE(AQ12, "x", "*"&$O12&"^", 1), "x", "*"&$O12, 1), "")) -> FALSE | AM12: =IF($O12="", "", IF(AR12<>"", SUBSTITUTE(SUBSTITUTE(AR12, "x", "*"&$O12&"^", 1), "x", "*"&$O12, 1), "")) -> FALSE | AN12: =IF($O12="", "", IF(AS12<>"", SUBSTITUTE(SUBSTITUTE(AS12, "x", "*"&$O12&"^", 1), "x", "*"&$O12, 1), "")) -> FALSE | AO12: =IF($O12="", "FALSE", IF(AT12<>"FALSE", SUBSTITUTE(SUBSTITUTE(AT12, "x", "*"&$O12&"^", 1), "x", "*"&$O12, 1), "")) -> FALSE | AP12: =IF($O12="", "FALSE", IF(AU12<>"FALSE", SUBSTITUTE(SUBSTITUTE(AU12, "x", "*"&$O12&"^", 1), "x", "*"&$O12, 1), "")) -> FALSE | AQ12: =IF(AND(I12="TP",S12<=150),VLOOKUP(AF12,TPCalibEq150!$AZ$2:$BB$166,3,),IF(AND(I12="TDP",S12<=150),VLOOKUP(AF12,TPCalibEq150!$AZ$2:$BB$166,3,))) -> FALSE | AR12: =IF(AND(I12="TP",S12<=300),VLOOKUP(AF12,TPCalibEq300!$AZ$2:$BB$166,3,),IF(AND(I12="TDP",S12<=300),VLOOKUP(AF12,TPCalibEq300!$AZ$2:$BB$166,3,))) -> FALSE | AS12: =IF(AND(I12="TP",S12<=500),VLOOKUP(AF12,TPCalibEq500!$AZ$2:$BB$165,3,),IF(AND(I12="TDP",S12<=500),VLOOKUP(AF12,TPCalibEq500!$AZ$2:$BB$165,3,))) -> FALSE | AT12: =IF(AND(I12="TN",S12<=2800),VLOOKUP(AF12,TNCalibEq2500!$AZ$2:$BB$165,3,),IF(AND(I12="TDN",S12<=2800),VLOOKUP(AF12,TNCalibEq2500!$AZ$2:$BB$165,3,))) -> FALSE | AU12: =IF(I12="TP",VLOOKUP(AF12,TPCalibEqFull!$AZ$2:$BB$165,3),IF(I12="TDP",VLOOKUP(AF12,TPCalibEqFull!$AZ$2:$BB$165,3),IF(I12="TDN",VLOOKUP(AF12,TNCalibEqFull!$AZ$2:$BB$164,3),IF(I12="TN",VLOOKUP(AF12,TNCalibEqFull!$AZ$2:$BB$164,3),FALSE)))) -> FALSE | AV12: =TEXT(A12, "YYYYMMDD")&" "&TEXT(B12, "HH:MM:SS")&"-"&C12&"-"&D12&"-"&E12&"-"&F12&"-"&G12&"-"&H12 -> 20240727 00:00:00-1000-3-Sh-2-SW-UKN
A13: 45500 | B13: 0 | C13: 1000 | D13: 3 | E13: Dp | F13: 1 | G13: SW | H13: UKN | I13: TNH4 | J13: 11 | K13: 45687 | L13: 0.49199074 | M13: 10 | N13: N-1.1 | O13: 4.22 | P13: 0.498 | Q13: 260 | R13: ug-N/L | S13: =IF(OR(AND(I13<>"TP", I13<>"TDP",I13<>"TN", I13<>"TDN"),H13="CAL"), Q13*M13, IF(OR(AND(I13="TN", Q13>2500), AND(I13="TDN", Q13>2500)),MAX(Q13, AK13)*M13, IF(OR(AND(I13="TN", Q13<=2500), AND(I13="TDN", Q13<=2500)),MAX(Q13, AJ13,AK13)*M13, IF(OR(AND(I13="TP",Q13>500), AND(I13="TDP", Q13>500)),MAX(Q13,AK13)*M13,IF(OR(AND(I13="TP",Q13<=150), AND(I13="TDP", Q13<=150)),MAX(Q13,AG13:AI13,AK13)*M13,IF(OR(AND(I13="TP",Q13<=300), AND(I13="TDP", Q13<=300)),MAX(Q13,AH13,AI13,AK13)*M13,IF(OR(AND(I13="TP",Q13<=500), AND(I13="TDP", Q13<=500)),MAX(Q13,AI13,AK13)*M13,""))))))) -> 2600 | T13: Conc = 0.169 * Area^2 + 60.8 * Area + 0.00 | U13: =IF(OR(H13="CHK",H13="ATP",H13="GUP",H13="PER", H13="NIC", H13="UREA"),(S13/V13*100),IF(H13="DUP",((ABS(S13-S12))/((S12+S13)/2))*100,IF(H13="SPK",((S13-S12)/V13*100),IF(OR(H13="LAB",H13="FLD",H13="ESF"),S13,"")))) | V13: =IF(H13="CHK",VLOOKUP(I13,QCCHK,3,),IF(H13="GUP",VLOOKUP(E13,QCGUP,2,),IF(AND(H13="ATP",OR(I13="TN",I13="TDN",I13="TNO2-3",I13="NO2-3")),VLOOKUP(E13,QCREC_N,2,),IF(AND(H13="NIC",OR(I13="TN",I13="TDN",I13="TNO2-3",I13="NO2-3")),VLOOKUP(E13,QCNIC_N,2,),IF(AND(H13="UREA",OR(I13="TN",I13="TDN",I13="TNO2-3",I13="NO2-3")),VLOOKUP(E13,QCUREA_N,2,),IF(H13="PER",VLOOKUP(I13,QCPER,MATCH(E13,QCACTUAL!$J$25:$AA$25,0),),IF(H13="SPK",VLOOKUP(I13,QCSPK,3,),IF(AND(H13="ATP",OR(I13="TP",I13="TDP")),VLOOKUP(E13,QCATP_P,2,),"")))))))) | W13: =IF(AND(OR(H13="PER",H13="ATP",H13="GUP",H13="CHK",H13="SPK", H13="NIC"),OR(U13>125,U13<75)),"FALSE",IF(AND(H13="DUP",OR(U13>25, U13<-25)),"FALSE",IF(AND(OR(H13="LAB",H13="FLD",H13="ESF"),U13>15),"FALSE","TRUE"))) -> TRUE | X13: =IF(ISNA(VLOOKUP(H13,QCEQUATIONS,2,)),"",(VLOOKUP(H13,QCEQUATIONS,2,))) | Y13: OM_1-30-2025_10-50-49AMadj-adj (8500).OMN | AL13: =IF($O13="", "", IF(AQ13<>"", SUBSTITUTE(SUBSTITUTE(AQ13, "x", "*"&$O13&"^", 1), "x", "*"&$O13, 1), "")) -> FALSE | AM13: =IF($O13="", "", IF(AR13<>"", SUBSTITUTE(SUBSTITUTE(AR13, "x", "*"&$O13&"^", 1), "x", "*"&$O13, 1), "")) -> FALSE | AN13: =IF($O13="", "", IF(AS13<>"", SUBSTITUTE(SUBSTITUTE(AS13, "x", "*"&$O13&"^", 1), "x", "*"&$O13, 1), "")) -> FALSE | AO13: =IF($O13="", "FALSE", IF(AT13<>"FALSE", SUBSTITUTE(SUBSTITUTE(AT13, "x", "*"&$O13&"^", 1), "x", "*"&$O13, 1), "")) -> FALSE | AP13: =IF($O13="", "FALSE", IF(AU13<>"FALSE", SUBSTITUTE(SUBSTITUTE(AU13, "x", "*"&$O13&"^", 1), "x", "*"&$O13, 1), "")) -> FALSE | AQ13: =IF(AND(I13="TP",S13<=150),VLOOKUP(AF13,TPCalibEq150!$AZ$2:$BB$166,3,),IF(AND(I13="TDP",S13<=150),VLOOKUP(AF13,TPCalibEq150!$AZ$2:$BB$166,3,))) -> FALSE | AR13: =IF(AND(I13="TP",S13<=300),VLOOKUP(AF13,TPCalibEq300!$AZ$2:$BB$166,3,),IF(AND(I13="TDP",S13<=300),VLOOKUP(AF13,TPCalibEq300!$AZ$2:$BB$166,3,))) -> FALSE | AS13: =IF(AND(I13="TP",S13<=500),VLOOKUP(AF13,TPCalibEq500!$AZ$2:$BB$165,3,),IF(AND(I13="TDP",S13<=500),VLOOKUP(AF13,TPCalibEq500!$AZ$2:$BB$165,3,))) -> FALSE | AT13: =IF(AND(I13="TN",S13<=2800),VLOOKUP(AF13,TNCalibEq2500!$AZ$2:$BB$165,3,),IF(AND(I13="TDN",S13<=2800),VLOOKUP(AF13,TNCalibEq2500!$AZ$2:$BB$165,3,))) -> FALSE | AU13: =IF(I13="TP",VLOOKUP(AF13,TPCalibEqFull!$AZ$2:$BB$165,3),IF(I13="TDP",VLOOKUP(AF13,TPCalibEqFull!$AZ$2:$BB$165,3),IF(I13="TDN",VLOOKUP(AF13,TNCalibEqFull!$AZ$2:$BB$164,3),IF(I13="TN",VLOOKUP(AF13,TNCalibEqFull!$AZ$2:$BB$164,3),FALSE)))) -> FALSE | AV13: =TEXT(A13, "YYYYMMDD")&" "&TEXT(B13, "HH:MM:SS")&"-"&C13&"-"&D13&"-"&E13&"-"&F13&"-"&G13&"-"&H13 -> 20240727 00:00:00-1000-3-Dp-1-SW-UKN
A14: 45500 | B14: 0 | C14: 1000 | D14: 4 | E14: Sh | F14: 1 | G14: DI | H14: BLK | I14: TNH4 | J14: 12 | K14: 45687 | L14: 0.48076389 | M14: 1 | N14: N-1.1 | O14: 0.119 | P14: 0.0117 | Q14: 7.25 | R14: ug-N/L | S14: =IF(OR(AND(I14<>"TP", I14<>"TDP",I14<>"TN", I14<>"TDN"),H14="CAL"), Q14*M14, IF(OR(AND(I14="TN", Q14>2500), AND(I14="TDN", Q14>2500)),MAX(Q14, AK14)*M14, IF(OR(AND(I14="TN", Q14<=2500), AND(I14="TDN", Q14<=2500)),MAX(Q14, AJ14,AK14)*M14, IF(OR(AND(I14="TP",Q14>500), AND(I14="TDP", Q14>500)),MAX(Q14,AK14)*M14,IF(OR(AND(I14="TP",Q14<=150), AND(I14="TDP", Q14<=150)),MAX(Q14,AG14:AI14,AK14)*M14,IF(OR(AND(I14="TP",Q14<=300), AND(I14="TDP", Q14<=300)),MAX(Q14,AH14,AI14,AK14)*M14,IF(OR(AND(I14="TP",Q14<=500), AND(I14="TDP", Q14<=500)),MAX(Q14,AI14,AK14)*M14,""))))))) -> 7.25 | T14: Conc = 0.169 * Area^2 + 60.8 * Area + 0.00 | U14: =IF(OR(H14="CHK",H14="ATP",H14="GUP",H14="PER", H14="NIC", H14="UREA"),(S14/V14*100),IF(H14="DUP",((ABS(S14-#REF!))/((#REF!+S14)/2))*100,IF(H14="SPK",((S14-#REF!)/V14*100),IF(OR(H14="LAB",H14="FLD",H14="ESF"),S14,"")))) | V14: =IF(H14="CHK",VLOOKUP(I14,QCCHK,3,),IF(H14="GUP",VLOOKUP(E14,QCGUP,2,),IF(AND(H14="ATP",OR(I14="TN",I14="TDN",I14="TNO2-3",I14="NO2-3")),VLOOKUP(E14,QCREC_N,2,),IF(AND(H14="NIC",OR(I14="TN",I14="TDN",I14="TNO2-3",I14="NO2-3")),VLOOKUP(E14,QCNIC_N,2,),IF(AND(H14="UREA",OR(I14="TN",I14="TDN",I14="TNO2-3",I14="NO2-3")),VLOOKUP(E14,QCUREA_N,2,),IF(H14="PER",VLOOKUP(I14,QCPER,MATCH(E14,QCACTUAL!$J$25:$AA$25,0),),IF(H14="SPK",VLOOKUP(I14,QCSPK,3,),IF(AND(H14="ATP",OR(I14="TP",I14="TDP")),VLOOKUP(E14,QCATP_P,2,),"")))))))) | W14: =IF(AND(OR(H14="PER",H14="ATP",H14="GUP",H14="CHK",H14="SPK", H14="NIC"),OR(U14>125,U14<75)),"FALSE",IF(AND(H14="DUP",OR(U14>25, U14<-25)),"FALSE",IF(AND(OR(H14="LAB",H14="FLD",H14="ESF"),U14>15),"FALSE","TRUE"))) -> TRUE | X14: =IF(ISNA(VLOOKUP(H14,QCEQUATIONS,2,)),"",(VLOOKUP(H14,QCEQUATIONS,2,))) | Y14: OM_1-30-2025_10-50-49AMadj-adj (8500).OMN | AL14: =IF($O14="", "", IF(AQ14<>"", SUBSTITUTE(SUBSTITUTE(AQ14, "x", "*"&$O14&"^", 1), "x", "*"&$O14, 1), "")) -> FALSE | AM14: =IF($O14="", "", IF(AR14<>"", SUBSTITUTE(SUBSTITUTE(AR14, "x", "*"&$O14&"^", 1), "x", "*"&$O14, 1), "")) -> FALSE | AN14: =IF($O14="", "", IF(AS14<>"", SUBSTITUTE(SUBSTITUTE(AS14, "x", "*"&$O14&"^", 1), "x", "*"&$O14, 1), "")) -> FALSE | AO14: =IF($O14="", "FALSE", IF(AT14<>"FALSE", SUBSTITUTE(SUBSTITUTE(AT14, "x", "*"&$O14&"^", 1), "x", "*"&$O14, 1), "")) -> FALSE | AP14: =IF($O14="", "FALSE", IF(AU14<>"FALSE", SUBSTITUTE(SUBSTITUTE(AU14, "x", "*"&$O14&"^", 1), "x", "*"&$O14, 1), "")) -> FALSE | AQ14: =IF(AND(I14="TP",S14<=150),VLOOKUP(AF14,TPCalibEq150!$AZ$2:$BB$166,3,),IF(AND(I14="TDP",S14<=150),VLOOKUP(AF14,TPCalibEq150!$AZ$2:$BB$166,3,))) -> FALSE | AR14: =IF(AND(I14="TP",S14<=300),VLOOKUP(AF14,TPCalibEq300!$AZ$2:$BB$166,3,),IF(AND(I14="TDP",S14<=300),VLOOKUP(AF14,TPCalibEq300!$AZ$2:$BB$166,3,))) -> FALSE | AS14: =IF(AND(I14="TP",S14<=500),VLOOKUP(AF14,TPCalibEq500!$AZ$2:$BB$165,3,),IF(AND(I14="TDP",S14<=500),VLOOKUP(AF14,TPCalibEq500!$AZ$2:$BB$165,3,))) -> FALSE | AT14: =IF(AND(I14="TN",S14<=2800),VLOOKUP(AF14,TNCalibEq2500!$AZ$2:$BB$165,3,),IF(AND(I14="TDN",S14<=2800),VLOOKUP(AF14,TNCalibEq2500!$AZ$2:$BB$165,3,))) -> FALSE | AU14: =IF(I14="TP",VLOOKUP(AF14,TPCalibEqFull!$AZ$2:$BB$165,3),IF(I14="TDP",VLOOKUP(AF14,TPCalibEqFull!$AZ$2:$BB$165,3),IF(I14="TDN",VLOOKUP(AF14,TNCalibEqFull!$AZ$2:$BB$164,3),IF(I14="TN",VLOOKUP(AF14,TNCalibEqFull!$AZ$2:$BB$164,3),FALSE)))) -> FALSE | AV14: =TEXT(A14, "YYYYMMDD")&" "&TEXT(B14, "HH:MM:SS")&"-"&C14&"-"&D14&"-"&E14&"-"&F14&"-"&G14&"-"&H14 -> 20240727 00:00:00-1000-4-Sh-1-DI-BLK
A15: 45500 | B15: 0 | C15: 1000 | D15: 4 | E15: Sh | F15: 1 | G15: SW | H15: UKN | I15: TNH4 | J15: 13 | K15: 45687 | L15: 0.48157407 | M15: 1 | N15: N-1.1 | O15: 0.136 | P15: 0.0414 | Q15: 8.27 | R15: ug-N/L | S15: =IF(OR(AND(I15<>"TP", I15<>"TDP",I15<>"TN", I15<>"TDN"),H15="CAL"), Q15*M15, IF(OR(AND(I15="TN", Q15>2500), AND(I15="TDN", Q15>2500)),MAX(Q15, AK15)*M15, IF(OR(AND(I15="TN", Q15<=2500), AND(I15="TDN", Q15<=2500)),MAX(Q15, AJ15,AK15)*M15, IF(OR(AND(I15="TP",Q15>500), AND(I15="TDP", Q15>500)),MAX(Q15,AK15)*M15,IF(OR(AND(I15="TP",Q15<=150), AND(I15="TDP", Q15<=150)),MAX(Q15,AG15:AI15,AK15)*M15,IF(OR(AND(I15="TP",Q15<=300), AND(I15="TDP", Q15<=300)),MAX(Q15,AH15,AI15,AK15)*M15,IF(OR(AND(I15="TP",Q15<=500), AND(I15="TDP", Q15<=500)),MAX(Q15,AI15,AK15)*M15,""))))))) -> 8.27 | T15: Conc = 0.169 * Area^2 + 60.8 * Area + 0.00 | U15: =IF(OR(H15="CHK",H15="ATP",H15="GUP",H15="PER", H15="NIC", H15="UREA"),(S15/V15*100),IF(H15="DUP",((ABS(S15-S14))/((S14+S15)/2))*100,IF(H15="SPK",((S15-S14)/V15*100),IF(OR(H15="LAB",H15="FLD",H15="ESF"),S15,"")))) | V15: =IF(H15="CHK",VLOOKUP(I15,QCCHK,3,),IF(H15="GUP",VLOOKUP(E15,QCGUP,2,),IF(AND(H15="ATP",OR(I15="TN",I15="TDN",I15="TNO2-3",I15="NO2-3")),VLOOKUP(E15,QCREC_N,2,),IF(AND(H15="NIC",OR(I15="TN",I15="TDN",I15="TNO2-3",I15="NO2-3")),VLOOKUP(E15,QCNIC_N,2,),IF(AND(H15="UREA",OR(I15="TN",I15="TDN",I15="TNO2-3",I15="NO2-3")),VLOOKUP(E15,QCUREA_N,2,),IF(H15="PER",VLOOKUP(I15,QCPER,MATCH(E15,QCACTUAL!$J$25:$AA$25,0),),IF(H15="SPK",VLOOKUP(I15,QCSPK,3,),IF(AND(H15="ATP",OR(I15="TP",I15="TDP")),VLOOKUP(E15,QCATP_P,2,),"")))))))) | W15: =IF(AND(OR(H15="PER",H15="ATP",H15="GUP",H15="CHK",H15="SPK", H15="NIC"),OR(U15>125,U15<75)),"FALSE",IF(AND(H15="DUP",OR(U15>25, U15<-25)),"FALSE",IF(AND(OR(H15="LAB",H15="FLD",H15="ESF"),U15>15),"FALSE","TRUE"))) -> TRUE | X15: =IF(ISNA(VLOOKUP(H15,QCEQUATIONS,2,)),"",(VLOOKUP(H15,QCEQUATIONS,2,))) | Y15: OM_1-30-2025_10-50-49AMadj-adj (8500).OMN | AL15: =IF($O15="", "", IF(AQ15<>"", SUBSTITUTE(SUBSTITUTE(AQ15, "x", "*"&$O15&"^", 1), "x", "*"&$O15, 1), "")) -> FALSE | AM15: =IF($O15="", "", IF(AR15<>"", SUBSTITUTE(SUBSTITUTE(AR15, "x", "*"&$O15&"^", 1), "x", "*"&$O15, 1), "")) -> FALSE | AN15: =IF($O15="", "", IF(AS15<>"", SUBSTITUTE(SUBSTITUTE(AS15, "x", "*"&$O15&"^", 1), "x", "*"&$O15, 1), "")) -> FALSE | AO15: =IF($O15="", "FALSE", IF(AT15<>"FALSE", SUBSTITUTE(SUBSTITUTE(AT15, "x", "*"&$O15&"^", 1), "x", "*"&$O15, 1), "")) -> FALSE | AP15: =IF($O15="", "FALSE", IF(AU15<>"FALSE", SUBSTITUTE(SUBSTITUTE(AU15, "x", "*"&$O15&"^", 1), "x", "*"&$O15, 1), "")) -> FALSE | AQ15: =IF(AND(I15="TP",S15<=150),VLOOKUP(AF15,TPCalibEq150!$AZ$2:$BB$166,3,),IF(AND(I15="TDP",S15<=150),VLOOKUP(AF15,TPCalibEq150!$AZ$2:$BB$166,3,))) -> FALSE | AR15: =IF(AND(I15="TP",S15<=300),VLOOKUP(AF15,TPCalibEq300!$AZ$2:$BB$166,3,),IF(AND(I15="TDP",S15<=300),VLOOKUP(AF15,TPCalibEq300!$AZ$2:$BB$166,3,))) -> FALSE | AS15: =IF(AND(I15="TP",S15<=500),VLOOKUP(AF15,TPCalibEq500!$AZ$2:$BB$165,3,),IF(AND(I15="TDP",S15<=500),VLOOKUP(AF15,TPCalibEq500!$AZ$2:$BB$165,3,))) -> FALSE | AT15: =IF(AND(I15="TN",S15<=2800),VLOOKUP(AF15,TNCalibEq2500!$AZ$2:$BB$165,3,),IF(AND(I15="TDN",S15<=2800),VLOOKUP(AF15,TNCalibEq2500!$AZ$2:$BB$165,3,))) -> FALSE | AU15: =IF(I15="TP",VLOOKUP(AF15,TPCalibEqFull!$AZ$2:$BB$165,3),IF(I15="TDP",VLOOKUP(AF15,TPCalibEqFull!$AZ$2:$BB$165,3),IF(I15="TDN",VLOOKUP(AF15,TNCalibEqFull!$AZ$2:$BB$164,3),IF(I15="TN",VLOOKUP(AF15,TNCalibEqFull!$AZ$2:$BB$164,3),FALSE)))) -> FALSE | AV15: =TEXT(A15, "YYYYMMDD")&" "&TEXT(B15, "HH:MM:SS")&"-"&C15&"-"&D15&"-"&E15&"-"&F15&"-"&G15&"-"&H15 -> 20240727 00:00:00-1000-4-Sh-1-SW-UKN
A16: 45500 | B16: 0 | C16: 1000 | D16: 4 | E16: Sh | F16: 2 | G16: SW | H16: UKN | I16: TNH4 | J16: 14 | K16: 45687 | L16: 0.48238426 | M16: 1 | N16: N-1.1 | O16: 0.0167 | P16: 0.0033 | Q16: 1.01 | R16: ug-N/L | S16: =IF(OR(AND(I16<>"TP", I16<>"TDP",I16<>"TN", I16<>"TDN"),H16="CAL"), Q16*M16, IF(OR(AND(I16="TN", Q16>2500), AND(I16="TDN", Q16>2500)),MAX(Q16, AK16)*M16, IF(OR(AND(I16="TN", Q16<=2500), AND(I16="TDN", Q16<=2500)),MAX(Q16, AJ16,AK16)*M16, IF(OR(AND(I16="TP",Q16>500), AND(I16="TDP", Q16>500)),MAX(Q16,AK16)*M16,IF(OR(AND(I16="TP",Q16<=150), AND(I16="TDP", Q16<=150)),MAX(Q16,AG16:AI16,AK16)*M16,IF(OR(AND(I16="TP",Q16<=300), AND(I16="TDP", Q16<=300)),MAX(Q16,AH16,AI16,AK16)*M16,IF(OR(AND(I16="TP",Q16<=500), AND(I16="TDP", Q16<=500)),MAX(Q16,AI16,AK16)*M16,""))))))) -> 1.01 | T16: Conc = 0.169 * Area^2 + 60.8 * Area + 0.00 | U16: =IF(OR(H16="CHK",H16="ATP",H16="GUP",H16="PER", H16="NIC", H16="UREA"),(S16/V16*100),IF(H16="DUP",((ABS(S16-S15))/((S15+S16)/2))*100,IF(H16="SPK",((S16-S15)/V16*100),IF(OR(H16="LAB",H16="FLD",H16="ESF"),S16,"")))) | V16: =IF(H16="CHK",VLOOKUP(I16,QCCHK,3,),IF(H16="GUP",VLOOKUP(E16,QCGUP,2,),IF(AND(H16="ATP",OR(I16="TN",I16="TDN",I16="TNO2-3",I16="NO2-3")),VLOOKUP(E16,QCREC_N,2,),IF(AND(H16="NIC",OR(I16="TN",I16="TDN",I16="TNO2-3",I16="NO2-3")),VLOOKUP(E16,QCNIC_N,2,),IF(AND(H16="UREA",OR(I16="TN",I16="TDN",I16="TNO2-3",I16="NO2-3")),VLOOKUP(E16,QCUREA_N,2,),IF(H16="PER",VLOOKUP(I16,QCPER,MATCH(E16,QCACTUAL!$J$25:$AA$25,0),),IF(H16="SPK",VLOOKUP(I16,QCSPK,3,),IF(AND(H16="ATP",OR(I16="TP",I16="TDP")),VLOOKUP(E16,QCATP_P,2,),"")))))))) | W16: =IF(AND(OR(H16="PER",H16="ATP",H16="GUP",H16="CHK",H16="SPK", H16="NIC"),OR(U16>125,U16<75)),"FALSE",IF(AND(H16="DUP",OR(U16>25, U16<-25)),"FALSE",IF(AND(OR(H16="LAB",H16="FLD",H16="ESF"),U16>15),"FALSE","TRUE"))) -> TRUE | X16: =IF(ISNA(VLOOKUP(H16,QCEQUATIONS,2,)),"",(VLOOKUP(H16,QCEQUATIONS,2,))) | Y16: OM_1-30-2025_10-50-49AMadj-adj (8500).OMN | AL16: =IF($O16="", "", IF(AQ16<>"", SUBSTITUTE(SUBSTITUTE(AQ16, "x", "*"&$O16&"^", 1), "x", "*"&$O16, 1), "")) -> FALSE | AM16: =IF($O16="", "", IF(AR16<>"", SUBSTITUTE(SUBSTITUTE(AR16, "x", "*"&$O16&"^", 1), "x", "*"&$O16, 1), "")) -> FALSE | AN16: =IF($O16="", "", IF(AS16<>"", SUBSTITUTE(SUBSTITUTE(AS16, "x", "*"&$O16&"^", 1), "x", "*"&$O16, 1), "")) -> FALSE | AO16: =IF($O16="", "FALSE", IF(AT16<>"FALSE", SUBSTITUTE(SUBSTITUTE(AT16, "x", "*"&$O16&"^", 1), "x", "*"&$O16, 1), "")) -> FALSE | AP16: =IF($O16="", "FALSE", IF(AU16<>"FALSE", SUBSTITUTE(SUBSTITUTE(AU16, "x", "*"&$O16&"^", 1), "x", "*"&$O16, 1), "")) -> FALSE | AQ16: =IF(AND(I16="TP",S16<=150),VLOOKUP(AF16,TPCalibEq150!$AZ$2:$BB$166,3,),IF(AND(I16="TDP",S16<=150),VLOOKUP(AF16,TPCalibEq150!$AZ$2:$BB$166,3,))) -> FALSE | AR16: =IF(AND(I16="TP",S16<=300),VLOOKUP(AF16,TPCalibEq300!$AZ$2:$BB$166,3,),IF(AND(I16="TDP",S16<=300),VLOOKUP(AF16,TPCalibEq300!$AZ$2:$BB$166,3,))) -> FALSE | AS16: =IF(AND(I16="TP",S16<=500),VLOOKUP(AF16,TPCalibEq500!$AZ$2:$BB$165,3,),IF(AND(I16="TDP",S16<=500),VLOOKUP(AF16,TPCalibEq500!$AZ$2:$BB$165,3,))) -> FALSE | AT16: =IF(AND(I16="TN",S16<=2800),VLOOKUP(AF16,TNCalibEq2500!$AZ$2:$BB$165,3,),IF(AND(I16="TDN",S16<=2800),VLOOKUP(AF16,TNCalibEq2500!$AZ$2:$BB$165,3,))) -> FALSE | AU16: =IF(I16="TP",VLOOKUP(AF16,TPCalibEqFull!$AZ$2:$BB$165,3),IF(I16="TDP",VLOOKUP(AF16,TPCalibEqFull!$AZ$2:$BB$165,3),IF(I16="TDN",VLOOKUP(AF16,TNCalibEqFull!$AZ$2:$BB$164,3),IF(I16="TN",VLOOKUP(AF16,TNCalibEqFull!$AZ$2:$BB$164,3),FALSE)))) -> FALSE | AV16: =TEXT(A16, "YYYYMMDD")&" "&TEXT(B16, "HH:MM:SS")&"-"&C16&"-"&D16&"-"&E16&"-"&F16&"-"&G16&"-"&H16 -> 20240727 00:00:00-1000-4-Sh-2-SW-UKN
A17: 45500 | B17: 0 | C17: 1000 | D17: 4 | E17: Dp | F17: 1 | G17: SW | H17: UKN | I17: TNH4 | J17: 15 | K17: 45687 | L17: 0.49115741 | M17: 1 | N17: N-1.1 | O17: 0.213 | P17: 0.113 | Q17: 12.9 | R17: ug-N/L | S17: =IF(OR(AND(I17<>"TP", I17<>"TDP",I17<>"TN", I17<>"TDN"),H17="CAL"), Q17*M17, IF(OR(AND(I17="TN", Q17>2500), AND(I17="TDN", Q17>2500)),MAX(Q17, AK17)*M17, IF(OR(AND(I17="TN", Q17<=2500), AND(I17="TDN", Q17<=2500)),MAX(Q17, AJ17,AK17)*M17, IF(OR(AND(I17="TP",Q17>500), AND(I17="TDP", Q17>500)),MAX(Q17,AK17)*M17,IF(OR(AND(I17="TP",Q17<=150), AND(I17="TDP", Q17<=150)),MAX(Q17,AG17:AI17,AK17)*M17,IF(OR(AND(I17="TP",Q17<=300), AND(I17="TDP", Q17<=300)),MAX(Q17,AH17,AI17,AK17)*M17,IF(OR(AND(I17="TP",Q17<=500), AND(I17="TDP", Q17<=500)),MAX(Q17,AI17,AK17)*M17,""))))))) -> 12.9 | T17: Conc = 0.169 * Area^2 + 60.8 * Area + 0.00 | U17: =IF(OR(H17="CHK",H17="ATP",H17="GUP",H17="PER", H17="NIC", H17="UREA"),(S17/V17*100),IF(H17="DUP",((ABS(S17-S16))/((S16+S17)/2))*100,IF(H17="SPK",((S17-S16)/V17*100),IF(OR(H17="LAB",H17="FLD",H17="ESF"),S17,"")))) | V17: =IF(H17="CHK",VLOOKUP(I17,QCCHK,3,),IF(H17="GUP",VLOOKUP(E17,QCGUP,2,),IF(AND(H17="ATP",OR(I17="TN",I17="TDN",I17="TNO2-3",I17="NO2-3")),VLOOKUP(E17,QCREC_N,2,),IF(AND(H17="NIC",OR(I17="TN",I17="TDN",I17="TNO2-3",I17="NO2-3")),VLOOKUP(E17,QCNIC_N,2,),IF(AND(H17="UREA",OR(I17="TN",I17="TDN",I17="TNO2-3",I17="NO2-3")),VLOOKUP(E17,QCUREA_N,2,),IF(H17="PER",VLOOKUP(I17,QCPER,MATCH(E17,QCACTUAL!$J$25:$AA$25,0),),IF(H17="SPK",VLOOKUP(I17,QCSPK,3,),IF(AND(H17="ATP",OR(I17="TP",I17="TDP")),VLOOKUP(E17,QCATP_P,2,),"")))))))) | W17: =IF(AND(OR(H17="PER",H17="ATP",H17="GUP",H17="CHK",H17="SPK", H17="NIC"),OR(U17>125,U17<75)),"FALSE",IF(AND(H17="DUP",OR(U17>25, U17<-25)),"FALSE",IF(AND(OR(H17="LAB",H17="FLD",H17="ESF"),U17>15),"FALSE","TRUE"))) -> TRUE | X17: =IF(ISNA(VLOOKUP(H17,QCEQUATIONS,2,)),"",(VLOOKUP(H17,QCEQUATIONS,2,))) | Y17: OM_1-30-2025_10-50-49AMadj-adj (8500).OMN | AL17: =IF($O17="", "", IF(AQ17<>"", SUBSTITUTE(SUBSTITUTE(AQ17, "x", "*"&$O17&"^", 1), "x", "*"&$O17, 1), "")) -> FALSE | AM17: =IF($O17="", "", IF(AR17<>"", SUBSTITUTE(SUBSTITUTE(AR17, "x", "*"&$O17&"^", 1), "x", "*"&$O17, 1), "")) -> FALSE | AN17: =IF($O17="", "", IF(AS17<>"", SUBSTITUTE(SUBSTITUTE(AS17, "x", "*"&$O17&"^", 1), "x", "*"&$O17, 1), "")) -> FALSE | AO17: =IF($O17="", "FALSE", IF(AT17<>"FALSE", SUBSTITUTE(SUBSTITUTE(AT17, "x", "*"&$O17&"^", 1), "x", "*"&$O17, 1), "")) -> FALSE | AP17: =IF($O17="", "FALSE", IF(AU17<>"FALSE", SUBSTITUTE(SUBSTITUTE(AU17, "x", "*"&$O17&"^", 1), "x", "*"&$O17, 1), "")) -> FALSE | AQ17: =IF(AND(I17="TP",S17<=150),VLOOKUP(AF17,TPCalibEq150!$AZ$2:$BB$166,3,),IF(AND(I17="TDP",S17<=150),VLOOKUP(AF17,TPCalibEq150!$AZ$2:$BB$166,3,))) -> FALSE | AR17: =IF(AND(I17="TP",S17<=300),VLOOKUP(AF17,TPCalibEq300!$AZ$2:$BB$166,3,),IF(AND(I17="TDP",S17<=300),VLOOKUP(AF17,TPCalibEq300!$AZ$2:$BB$166,3,))) -> FALSE | AS17: =IF(AND(I17="TP",S17<=500),VLOOKUP(AF17,TPCalibEq500!$AZ$2:$BB$165,3,),IF(AND(I17="TDP",S17<=500),VLOOKUP(AF17,TPCalibEq500!$AZ$2:$BB$165,3,))) -> FALSE | AT17: =IF(AND(I17="TN",S17<=2800),VLOOKUP(AF17,TNCalibEq2500!$AZ$2:$BB$165,3,),IF(AND(I17="TDN",S17<=2800),VLOOKUP(AF17,TNCalibEq2500!$AZ$2:$BB$165,3,))) -> FALSE | AU17: =IF(I17="TP",VLOOKUP(AF17,TPCalibEqFull!$AZ$2:$BB$165,3),IF(I17="TDP",VLOOKUP(AF17,TPCalibEqFull!$AZ$2:$BB$165,3),IF(I17="TDN",VLOOKUP(AF17,TNCalibEqFull!$AZ$2:$BB$164,3),IF(I17="TN",VLOOKUP(AF17,TNCalibEqFull!$AZ$2:$BB$164,3),FALSE)))) -> FALSE | AV17: =TEXT(A17, "YYYYMMDD")&" "&TEXT(B17, "HH:MM:SS")&"-"&C17&"-"&D17&"-"&E17&"-"&F17&"-"&G17&"-"&H17 -> 20240727 00:00:00-1000-4-Dp-1-SW-UKN
A18: 45507 | B18: 0 | C18: 1000 | D18: 9 | E18: Sh | F18: 1 | G18: DI | H18: BLK | I18: TNH4 | J18: 16 | K18: 45687 | L18: 0.49282407 | M18: 1 | N18: N-1.1 | O18: 0.12 | P18: 0.0189 | Q18: 7.28 | R18: ug-N/L | S18: =IF(OR(AND(I18<>"TP", I18<>"TDP",I18<>"TN", I18<>"TDN"),H18="CAL"), Q18*M18, IF(OR(AND(I18="TN", Q18>2500), AND(I18="TDN", Q18>2500)),MAX(Q18, AK18)*M18, IF(OR(AND(I18="TN", Q18<=2500), AND(I18="TDN", Q18<=2500)),MAX(Q18, AJ18,AK18)*M18, IF(OR(AND(I18="TP",Q18>500), AND(I18="TDP", Q18>500)),MAX(Q18,AK18)*M18,IF(OR(AND(I18="TP",Q18<=150), AND(I18="TDP", Q18<=150)),MAX(Q18,AG18:AI18,AK18)*M18,IF(OR(AND(I18="TP",Q18<=300), AND(I18="TDP", Q18<=300)),MAX(Q18,AH18,AI18,AK18)*M18,IF(OR(AND(I18="TP",Q18<=500), AND(I18="TDP", Q18<=500)),MAX(Q18,AI18,AK18)*M18,""))))))) -> 7.28 | T18: Conc = 0.169 * Area^2 + 60.8 * Area + 0.00 | U18: =IF(OR(H18="CHK",H18="ATP",H18="GUP",H18="PER", H18="NIC", H18="UREA"),(S18/V18*100),IF(H18="DUP",((ABS(S18-S17))/((S17+S18)/2))*100,IF(H18="SPK",((S18-S17)/V18*100),IF(OR(H18="LAB",H18="FLD",H18="ESF"),S18,"")))) | V18: =IF(H18="CHK",VLOOKUP(I18,QCCHK,3,),IF(H18="GUP",VLOOKUP(E18,QCGUP,2,),IF(AND(H18="ATP",OR(I18="TN",I18="TDN",I18="TNO2-3",I18="NO2-3")),VLOOKUP(E18,QCREC_N,2,),IF(AND(H18="NIC",OR(I18="TN",I18="TDN",I18="TNO2-3",I18="NO2-3")),VLOOKUP(E18,QCNIC_N,2,),IF(AND(H18="UREA",OR(I18="TN",I18="TDN",I18="TNO2-3",I18="NO2-3")),VLOOKUP(E18,QCUREA_N,2,),IF(H18="PER",VLOOKUP(I18,QCPER,MATCH(E18,QCACTUAL!$J$25:$AA$25,0),),IF(H18="SPK",VLOOKUP(I18,QCSPK,3,),IF(AND(H18="ATP",OR(I18="TP",I18="TDP")),VLOOKUP(E18,QCATP_P,2,),"")))))))) | W18: =IF(AND(OR(H18="PER",H18="ATP",H18="GUP",H18="CHK",H18="SPK", H18="NIC"),OR(U18>125,U18<75)),"FALSE",IF(AND(H18="DUP",OR(U18>25, U18<-25)),"FALSE",IF(AND(OR(H18="LAB",H18="FLD",H18="ESF"),U18>15),"FALSE","TRUE"))) -> TRUE | X18: =IF(ISNA(VLOOKUP(H18,QCEQUATIONS,2,)),"",(VLOOKUP(H18,QCEQUATIONS,2,))) | Y18: OM_1-30-2025_10-50-49AMadj-adj (8500).OMN | AL18: =IF($O18="", "", IF(AQ18<>"", SUBSTITUTE(SUBSTITUTE(AQ18, "x", "*"&$O18&"^", 1), "x", "*"&$O18, 1), "")) -> FALSE | AM18: =IF($O18="", "", IF(AR18<>"", SUBSTITUTE(SUBSTITUTE(AR18, "x", "*"&$O18&"^", 1), "x", "*"&$O18, 1), "")) -> FALSE | AN18: =IF($O18="", "", IF(AS18<>"", SUBSTITUTE(SUBSTITUTE(AS18, "x", "*"&$O18&"^", 1), "x", "*"&$O18, 1), "")) -> FALSE | AO18: =IF($O18="", "FALSE", IF(AT18<>"FALSE", SUBSTITUTE(SUBSTITUTE(AT18, "x", "*"&$O18&"^", 1), "x", "*"&$O18, 1), "")) -> FALSE | AP18: =IF($O18="", "FALSE", IF(AU18<>"FALSE", SUBSTITUTE(SUBSTITUTE(AU18, "x", "*"&$O18&"^", 1), "x", "*"&$O18, 1), "")) -> FALSE | AQ18: =IF(AND(I18="TP",S18<=150),VLOOKUP(AF18,TPCalibEq150!$AZ$2:$BB$166,3,),IF(AND(I18="TDP",S18<=150),VLOOKUP(AF18,TPCalibEq150!$AZ$2:$BB$166,3,))) -> FALSE | AR18: =IF(AND(I18="TP",S18<=300),VLOOKUP(AF18,TPCalibEq300!$AZ$2:$BB$166,3,),IF(AND(I18="TDP",S18<=300),VLOOKUP(AF18,TPCalibEq300!$AZ$2:$BB$166,3,))) -> FALSE | AS18: =IF(AND(I18="TP",S18<=500),VLOOKUP(AF18,TPCalibEq500!$AZ$2:$BB$165,3,),IF(AND(I18="TDP",S18<=500),VLOOKUP(AF18,TPCalibEq500!$AZ$2:$BB$165,3,))) -> FALSE | AT18: =IF(AND(I18="TN",S18<=2800),VLOOKUP(AF18,TNCalibEq2500!$AZ$2:$BB$165,3,),IF(AND(I18="TDN",S18<=2800),VLOOKUP(AF18,TNCalibEq2500!$AZ$2:$BB$165,3,))) -> FALSE | AU18: =IF(I18="TP",VLOOKUP(AF18,TPCalibEqFull!$AZ$2:$BB$165,3),IF(I18="TDP",VLOOKUP(AF18,TPCalibEqFull!$AZ$2:$BB$165,3),IF(I18="TDN",VLOOKUP(AF18,TNCalibEqFull!$AZ$2:$BB$164,3),IF(I18="TN",VLOOKUP(AF18,TNCalibEqFull!$AZ$2:$BB$164,3),FALSE)))) -> FALSE | AV18: =TEXT(A18, "YYYYMMDD")&" "&TEXT(B18, "HH:MM:SS")&"-"&C18&"-"&D18&"-"&E18&"-"&F18&"-"&G18&"-"&H18 -> 20240803 00:00:00-1000-9-Sh-1-DI-BLK
A19: 45507 | B19: 0 | C19: 1000 | D19: 9 | E19: Sh | F19: 1 | G19: SW | H19: UKN | I19: TNH4 | J19: 17 | K19: 45687 | L19: 0.49364583 | M19: 1 | N19: N-1.1 | O19: 0.229 | P19: 0.0196 | Q19: 13.9 | R19: ug-N/L | S19: =IF(OR(AND(I19<>"TP", I19<>"TDP",I19<>"TN", I19<>"TDN"),H19="CAL"), Q19*M19, IF(OR(AND(I19="TN", Q19>2500), AND(I19="TDN", Q19>2500)),MAX(Q19, AK19)*M19, IF(OR(AND(I19="TN", Q19<=2500), AND(I19="TDN", Q19<=2500)),MAX(Q19, AJ19,AK19)*M19, IF(OR(AND(I19="TP",Q19>500), AND(I19="TDP", Q19>500)),MAX(Q19,AK19)*M19,IF(OR(AND(I19="TP",Q19<=150), AND(I19="TDP", Q19<=150)),MAX(Q19,AG19:AI19,AK19)*M19,IF(OR(AND(I19="TP",Q19<=300), AND(I19="TDP", Q19<=300)),MAX(Q19,AH19,AI19,AK19)*M19,IF(OR(AND(I19="TP",Q19<=500), AND(I19="TDP", Q19<=500)),MAX(Q19,AI19,AK19)*M19,""))))))) -> 13.9 | T19: Conc = 0.169 * Area^2 + 60.8 * Area + 0.00 | U19: =IF(OR(H19="CHK",H19="ATP",H19="GUP",H19="PER", H19="NIC", H19="UREA"),(S19/V19*100),IF(H19="DUP",((ABS(S19-S18))/((S18+S19)/2))*100,IF(H19="SPK",((S19-S18)/V19*100),IF(OR(H19="LAB",H19="FLD",H19="ESF"),S19,"")))) | V19: =IF(H19="CHK",VLOOKUP(I19,QCCHK,3,),IF(H19="GUP",VLOOKUP(E19,QCGUP,2,),IF(AND(H19="ATP",OR(I19="TN",I19="TDN",I19="TNO2-3",I19="NO2-3")),VLOOKUP(E19,QCREC_N,2,),IF(AND(H19="NIC",OR(I19="TN",I19="TDN",I19="TNO2-3",I19="NO2-3")),VLOOKUP(E19,QCNIC_N,2,),IF(AND(H19="UREA",OR(I19="TN",I19="TDN",I19="TNO2-3",I19="NO2-3")),VLOOKUP(E19,QCUREA_N,2,),IF(H19="PER",VLOOKUP(I19,QCPER,MATCH(E19,QCACTUAL!$J$25:$AA$25,0),),IF(H19="SPK",VLOOKUP(I19,QCSPK,3,),IF(AND(H19="ATP",OR(I19="TP",I19="TDP")),VLOOKUP(E19,QCATP_P,2,),"")))))))) | W19: =IF(AND(OR(H19="PER",H19="ATP",H19="GUP",H19="CHK",H19="SPK", H19="NIC"),OR(U19>125,U19<75)),"FALSE",IF(AND(H19="DUP",OR(U19>25, U19<-25)),"FALSE",IF(AND(OR(H19="LAB",H19="FLD",H19="ESF"),U19>15),"FALSE","TRUE"))) -> TRUE | X19: =IF(ISNA(VLOOKUP(H19,QCEQUATIONS,2,)),"",(VLOOKUP(H19,QCEQUATIONS,2,))) | Y19: OM_1-30-2025_10-50-49AMadj-adj (8500).OMN | AL19: =IF($O19="", "", IF(AQ19<>"", SUBSTITUTE(SUBSTITUTE(AQ19, "x", "*"&$O19&"^", 1), "x", "*"&$O19, 1), "")) -> FALSE | AM19: =IF($O19="", "", IF(AR19<>"", SUBSTITUTE(SUBSTITUTE(AR19, "x", "*"&$O19&"^", 1), "x", "*"&$O19, 1), "")) -> FALSE | AN19: =IF($O19="", "", IF(AS19<>"", SUBSTITUTE(SUBSTITUTE(AS19, "x", "*"&$O19&"^", 1), "x", "*"&$O19, 1), "")) -> FALSE | AO19: =IF($O19="", "FALSE", IF(AT19<>"FALSE", SUBSTITUTE(SUBSTITUTE(AT19, "x", "*"&$O19&"^", 1), "x", "*"&$O19, 1), "")) -> FALSE | AP19: =IF($O19="", "FALSE", IF(AU19<>"FALSE", SUBSTITUTE(SUBSTITUTE(AU19, "x", "*"&$O19&"^", 1), "x", "*"&$O19, 1), "")) -> FALSE | AQ19: =IF(AND(I19="TP",S19<=150),VLOOKUP(AF19,TPCalibEq150!$AZ$2:$BB$166,3,),IF(AND(I19="TDP",S19<=150),VLOOKUP(AF19,TPCalibEq150!$AZ$2:$BB$166,3,))) -> FALSE | AR19: =IF(AND(I19="TP",S19<=300),VLOOKUP(AF19,TPCalibEq300!$AZ$2:$BB$166,3,),IF(AND(I19="TDP",S19<=300),VLOOKUP(AF19,TPCalibEq300!$AZ$2:$BB$166,3,))) -> FALSE | AS19: =IF(AND(I19="TP",S19<=500),VLOOKUP(AF19,TPCalibEq500!$AZ$2:$BB$165,3,),IF(AND(I19="TDP",S19<=500),VLOOKUP(AF19,TPCalibEq500!$AZ$2:$BB$165,3,))) -> FALSE | AT19: =IF(AND(I19="TN",S19<=2800),VLOOKUP(AF19,TNCalibEq2500!$AZ$2:$BB$165,3,),IF(AND(I19="TDN",S19<=2800),VLOOKUP(AF19,TNCalibEq2500!$AZ$2:$BB$165,3,))) -> FALSE | AU19: =IF(I19="TP",VLOOKUP(AF19,TPCalibEqFull!$AZ$2:$BB$165,3),IF(I19="TDP",VLOOKUP(AF19,TPCalibEqFull!$AZ$2:$BB$165,3),IF(I19="TDN",VLOOKUP(AF19,TNCalibEqFull!$AZ$2:$BB$164,3),IF(I19="TN",VLOOKUP(AF19,TNCalibEqFull!$AZ$2:$BB$164,3),FALSE)))) -> FALSE | AV19: =TEXT(A19, "YYYYMMDD")&" "&TEXT(B19, "HH:MM:SS")&"-"&C19&"-"&D19&"-"&E19&"-"&F19&"-"&G19&"-"&H19 -> 20240803 00:00:00-1000-9-Sh-1-SW-UKN
A20: 45507 | B20: 0 | C20: 1000 | D20: 9 | E20: Dp | F20: 1 | G20: SW | H20: UKN | I20: TNH4 | J20: 18 | K20: 45687 | L20: 0.49444444 | M20: 1 | N20: N-1.1 | O20: 0.102 | P20: 0.00878 | Q20: 6.18 | R20: ug-N/L | S20: =IF(OR(AND(I20<>"TP", I20<>"TDP",I20<>"TN", I20<>"TDN"),H20="CAL"), Q20*M20, IF(OR(AND(I20="TN", Q20>2500), AND(I20="TDN", Q20>2500)),MAX(Q20, AK20)*M20, IF(OR(AND(I20="TN", Q20<=2500), AND(I20="TDN", Q20<=2500)),MAX(Q20, AJ20,AK20)*M20, IF(OR(AND(I20="TP",Q20>500), AND(I20="TDP", Q20>500)),MAX(Q20,AK20)*M20,IF(OR(AND(I20="TP",Q20<=150), AND(I20="TDP", Q20<=150)),MAX(Q20,AG20:AI20,AK20)*M20,IF(OR(AND(I20="TP",Q20<=300), AND(I20="TDP", Q20<=300)),MAX(Q20,AH20,AI20,AK20)*M20,IF(OR(AND(I20="TP",Q20<=500), AND(I20="TDP", Q20<=500)),MAX(Q20,AI20,AK20)*M20,""))))))) -> 6.18 | T20: Conc = 0.169 * Area^2 + 60.8 * Area + 0.00 | U20: =IF(OR(H20="CHK",H20="ATP",H20="GUP",H20="PER", H20="NIC", H20="UREA"),(S20/V20*100),IF(H20="DUP",((ABS(S20-#REF!))/((#REF!+S20)/2))*100,IF(H20="SPK",((S20-#REF!)/V20*100),IF(OR(H20="LAB",H20="FLD",H20="ESF"),S20,"")))) | V20: =IF(H20="CHK",VLOOKUP(I20,QCCHK,3,),IF(H20="GUP",VLOOKUP(E20,QCGUP,2,),IF(AND(H20="ATP",OR(I20="TN",I20="TDN",I20="TNO2-3",I20="NO2-3")),VLOOKUP(E20,QCREC_N,2,),IF(AND(H20="NIC",OR(I20="TN",I20="TDN",I20="TNO2-3",I20="NO2-3")),VLOOKUP(E20,QCNIC_N,2,),IF(AND(H20="UREA",OR(I20="TN",I20="TDN",I20="TNO2-3",I20="NO2-3")),VLOOKUP(E20,QCUREA_N,2,),IF(H20="PER",VLOOKUP(I20,QCPER,MATCH(E20,QCACTUAL!$J$25:$AA$25,0),),IF(H20="SPK",VLOOKUP(I20,QCSPK,3,),IF(AND(H20="ATP",OR(I20="TP",I20="TDP")),VLOOKUP(E20,QCATP_P,2,),"")))))))) | W20: =IF(AND(OR(H20="PER",H20="ATP",H20="GUP",H20="CHK",H20="SPK", H20="NIC"),OR(U20>125,U20<75)),"FALSE",IF(AND(H20="DUP",OR(U20>25, U20<-25)),"FALSE",IF(AND(OR(H20="LAB",H20="FLD",H20="ESF"),U20>15),"FALSE","TRUE"))) -> TRUE | X20: =IF(ISNA(VLOOKUP(H20,QCEQUATIONS,2,)),"",(VLOOKUP(H20,QCEQUATIONS,2,))) | Y20: OM_1-30-2025_10-50-49AMadj-adj (8500).OMN | AL20: =IF($O20="", "", IF(AQ20<>"", SUBSTITUTE(SUBSTITUTE(AQ20, "x", "*"&$O20&"^", 1), "x", "*"&$O20, 1), "")) -> FALSE | AM20: =IF($O20="", "", IF(AR20<>"", SUBSTITUTE(SUBSTITUTE(AR20, "x", "*"&$O20&"^", 1), "x", "*"&$O20, 1), "")) -> FALSE | AN20: =IF($O20="", "", IF(AS20<>"", SUBSTITUTE(SUBSTITUTE(AS20, "x", "*"&$O20&"^", 1), "x", "*"&$O20, 1), "")) -> FALSE | AO20: =IF($O20="", "FALSE", IF(AT20<>"FALSE", SUBSTITUTE(SUBSTITUTE(AT20, "x", "*"&$O20&"^", 1), "x", "*"&$O20, 1), "")) -> FALSE | AP20: =IF($O20="", "FALSE", IF(AU20<>"FALSE", SUBSTITUTE(SUBSTITUTE(AU20, "x", "*"&$O20&"^", 1), "x", "*"&$O20, 1), "")) -> FALSE | AQ20: =IF(AND(I20="TP",S20<=150),VLOOKUP(AF20,TPCalibEq150!$AZ$2:$BB$166,3,),IF(AND(I20="TDP",S20<=150),VLOOKUP(AF20,TPCalibEq150!$AZ$2:$BB$166,3,))) -> FALSE | AR20: =IF(AND(I20="TP",S20<=300),VLOOKUP(AF20,TPCalibEq300!$AZ$2:$BB$166,3,),IF(AND(I20="TDP",S20<=300),VLOOKUP(AF20,TPCalibEq300!$AZ$2:$BB$166,3,))) -> FALSE | AS20: =IF(AND(I20="TP",S20<=500),VLOOKUP(AF20,TPCalibEq500!$AZ$2:$BB$165,3,),IF(AND(I20="TDP",S20<=500),VLOOKUP(AF20,TPCalibEq500!$AZ$2:$BB$165,3,))) -> FALSE | AT20: =IF(AND(I20="TN",S20<=2800),VLOOKUP(AF20,TNCalibEq2500!$AZ$2:$BB$165,3,),IF(AND(I20="TDN",S20<=2800),VLOOKUP(AF20,TNCalibEq2500!$AZ$2:$BB$165,3,))) -> FALSE | AU20: =IF(I20="TP",VLOOKUP(AF20,TPCalibEqFull!$AZ$2:$BB$165,3),IF(I20="TDP",VLOOKUP(AF20,TPCalibEqFull!$AZ$2:$BB$165,3),IF(I20="TDN",VLOOKUP(AF20,TNCalibEqFull!$AZ$2:$BB$164,3),IF(I20="TN",VLOOKUP(AF20,TNCalibEqFull!$AZ$2:$BB$164,3),FALSE)))) -> FALSE | AV20: =TEXT(A20, "YYYYMMDD")&" "&TEXT(B20, "HH:MM:SS")&"-"&C20&"-"&D20&"-"&E20&"-"&F20&"-"&G20&"-"&H20 -> 20240803 00:00:00-1000-9-Dp-1-SW-UKN
A21: 45507 | B21: 0 | C21: 1000 | D21: 9 | E21: Dp | F21: 1 | G21: SW | H21: UKN | I21: TNH4 | J21: 19 | K21: 45687 | L21: 0.51243056 | M21: 10 | N21: N-1.1 | O21: 5.62 | P21: 0.627 | Q21: 347 | R21: ug-N/L | S21: =IF(OR(AND(I21<>"TP", I21<>"TDP",I21<>"TN", I21<>"TDN"),H21="CAL"), Q21*M21, IF(OR(AND(I21="TN", Q21>2500), AND(I21="TDN", Q21>2500)),MAX(Q21, AK21)*M21, IF(OR(AND(I21="TN", Q21<=2500), AND(I21="TDN", Q21<=2500)),MAX(Q21, AJ21,AK21)*M21, IF(OR(AND(I21="TP",Q21>500), AND(I21="TDP", Q21>500)),MAX(Q21,AK21)*M21,IF(OR(AND(I21="TP",Q21<=150), AND(I21="TDP", Q21<=150)),MAX(Q21,AG21:AI21,AK21)*M21,IF(OR(AND(I21="TP",Q21<=300), AND(I21="TDP", Q21<=300)),MAX(Q21,AH21,AI21,AK21)*M21,IF(OR(AND(I21="TP",Q21<=500), AND(I21="TDP", Q21<=500)),MAX(Q21,AI21,AK21)*M21,""))))))) -> 3470 | T21: Conc = 0.169 * Area^2 + 60.8 * Area + 0.00 | U21: =IF(OR(H21="CHK",H21="ATP",H21="GUP",H21="PER", H21="NIC", H21="UREA"),(S21/V21*100),IF(H21="DUP",((ABS(S21-S20))/((S20+S21)/2))*100,IF(H21="SPK",((S21-S20)/V21*100),IF(OR(H21="LAB",H21="FLD",H21="ESF"),S21,"")))) | V21: =IF(H21="CHK",VLOOKUP(I21,QCCHK,3,),IF(H21="GUP",VLOOKUP(E21,QCGUP,2,),IF(AND(H21="ATP",OR(I21="TN",I21="TDN",I21="TNO2-3",I21="NO2-3")),VLOOKUP(E21,QCREC_N,2,),IF(AND(H21="NIC",OR(I21="TN",I21="TDN",I21="TNO2-3",I21="NO2-3")),VLOOKUP(E21,QCNIC_N,2,),IF(AND(H21="UREA",OR(I21="TN",I21="TDN",I21="TNO2-3",I21="NO2-3")),VLOOKUP(E21,QCUREA_N,2,),IF(H21="PER",VLOOKUP(I21,QCPER,MATCH(E21,QCACTUAL!$J$25:$AA$25,0),),IF(H21="SPK",VLOOKUP(I21,QCSPK,3,),IF(AND(H21="ATP",OR(I21="TP",I21="TDP")),VLOOKUP(E21,QCATP_P,2,),"")))))))) | W21: =IF(AND(OR(H21="PER",H21="ATP",H21="GUP",H21="CHK",H21="SPK", H21="NIC"),OR(U21>125,U21<75)),"FALSE",IF(AND(H21="DUP",OR(U21>25, U21<-25)),"FALSE",IF(AND(OR(H21="LAB",H21="FLD",H21="ESF"),U21>15),"FALSE","TRUE"))) -> TRUE | X21: =IF(ISNA(VLOOKUP(H21,QCEQUATIONS,2,)),"",(VLOOKUP(H21,QCEQUATIONS,2,))) | Y21: OM_1-30-2025_10-50-49AMadj-adj (8500).OMN | AL21: =IF($O21="", "", IF(AQ21<>"", SUBSTITUTE(SUBSTITUTE(AQ21, "x", "*"&$O21&"^", 1), "x", "*"&$O21, 1), "")) -> FALSE | AM21: =IF($O21="", "", IF(AR21<>"", SUBSTITUTE(SUBSTITUTE(AR21, "x", "*"&$O21&"^", 1), "x", "*"&$O21, 1), "")) -> FALSE | AN21: =IF($O21="", "", IF(AS21<>"", SUBSTITUTE(SUBSTITUTE(AS21, "x", "*"&$O21&"^", 1), "x", "*"&$O21, 1), "")) -> FALSE | AO21: =IF($O21="", "FALSE", IF(AT21<>"FALSE", SUBSTITUTE(SUBSTITUTE(AT21, "x", "*"&$O21&"^", 1), "x", "*"&$O21, 1), "")) -> FALSE | AP21: =IF($O21="", "FALSE", IF(AU21<>"FALSE", SUBSTITUTE(SUBSTITUTE(AU21, "x", "*"&$O21&"^", 1), "x", "*"&$O21, 1), "")) -> FALSE | AQ21: =IF(AND(I21="TP",S21<=150),VLOOKUP(AF21,TPCalibEq150!$AZ$2:$BB$166,3,),IF(AND(I21="TDP",S21<=150),VLOOKUP(AF21,TPCalibEq150!$AZ$2:$BB$166,3,))) -> FALSE | AR21: =IF(AND(I21="TP",S21<=300),VLOOKUP(AF21,TPCalibEq300!$AZ$2:$BB$166,3,),IF(AND(I21="TDP",S21<=300),VLOOKUP(AF21,TPCalibEq300!$AZ$2:$BB$166,3,))) -> FALSE | AS21: =IF(AND(I21="TP",S21<=500),VLOOKUP(AF21,TPCalibEq500!$AZ$2:$BB$165,3,),IF(AND(I21="TDP",S21<=500),VLOOKUP(AF21,TPCalibEq500!$AZ$2:$BB$165,3,))) -> FALSE | AT21: =IF(AND(I21="TN",S21<=2800),VLOOKUP(AF21,TNCalibEq2500!$AZ$2:$BB$165,3,),IF(AND(I21="TDN",S21<=2800),VLOOKUP(AF21,TNCalibEq2500!$AZ$2:$BB$165,3,))) -> FALSE | AU21: =IF(I21="TP",VLOOKUP(AF21,TPCalibEqFull!$AZ$2:$BB$165,3),IF(I21="TDP",VLOOKUP(AF21,TPCalibEqFull!$AZ$2:$BB$165,3),IF(I21="TDN",VLOOKUP(AF21,TNCalibEqFull!$AZ$2:$BB$164,3),IF(I21="TN",VLOOKUP(AF21,TNCalibEqFull!$AZ$2:$BB$164,3),FALSE)))) -> FALSE | AV21: =TEXT(A21, "YYYYMMDD")&" "&TEXT(B21, "HH:MM:SS")&"-"&C21&"-"&D21&"-"&E21&"-"&F21&"-"&G21&"-"&H21 -> 20240803 00:00:00-1000-9-Dp-1-SW-UKN
A22: 45507 | B22: 0 | C22: 1000 | D22: 16 | E22: Sh | F22: 1 | G22: DI | H22: BLK | I22: TNH4 | J22: 20 | K22: 45687 | L22: 0.49607639 | M22: 1 | N22: N-1.1 | O22: 0.154 | P22: 0.0138 | Q22: 9.37 | R22: ug-N/L | S22: =IF(OR(AND(I22<>"TP", I22<>"TDP",I22<>"TN", I22<>"TDN"),H22="CAL"), Q22*M22, IF(OR(AND(I22="TN", Q22>2500), AND(I22="TDN", Q22>2500)),MAX(Q22, AK22)*M22, IF(OR(AND(I22="TN", Q22<=2500), AND(I22="TDN", Q22<=2500)),MAX(Q22, AJ22,AK22)*M22, IF(OR(AND(I22="TP",Q22>500), AND(I22="TDP", Q22>500)),MAX(Q22,AK22)*M22,IF(OR(AND(I22="TP",Q22<=150), AND(I22="TDP", Q22<=150)),MAX(Q22,AG22:AI22,AK22)*M22,IF(OR(AND(I22="TP",Q22<=300), AND(I22="TDP", Q22<=300)),MAX(Q22,AH22,AI22,AK22)*M22,IF(OR(AND(I22="TP",Q22<=500), AND(I22="TDP", Q22<=500)),MAX(Q22,AI22,AK22)*M22,""))))))) -> 9.37 | T22: Conc = 0.169 * Area^2 + 60.8 * Area + 0.00 | U22: =IF(OR(H22="CHK",H22="ATP",H22="GUP",H22="PER", H22="NIC", H22="UREA"),(S22/V22*100),IF(H22="DUP",((ABS(S22-S21))/((S21+S22)/2))*100,IF(H22="SPK",((S22-S21)/V22*100),IF(OR(H22="LAB",H22="FLD",H22="ESF"),S22,"")))) | V22: =IF(H22="CHK",VLOOKUP(I22,QCCHK,3,),IF(H22="GUP",VLOOKUP(E22,QCGUP,2,),IF(AND(H22="ATP",OR(I22="TN",I22="TDN",I22="TNO2-3",I22="NO2-3")),VLOOKUP(E22,QCREC_N,2,),IF(AND(H22="NIC",OR(I22="TN",I22="TDN",I22="TNO2-3",I22="NO2-3")),VLOOKUP(E22,QCNIC_N,2,),IF(AND(H22="UREA",OR(I22="TN",I22="TDN",I22="TNO2-3",I22="NO2-3")),VLOOKUP(E22,QCUREA_N,2,),IF(H22="PER",VLOOKUP(I22,QCPER,MATCH(E22,QCACTUAL!$J$25:$AA$25,0),),IF(H22="SPK",VLOOKUP(I22,QCSPK,3,),IF(AND(H22="ATP",OR(I22="TP",I22="TDP")),VLOOKUP(E22,QCATP_P,2,),"")))))))) | W22: =IF(AND(OR(H22="PER",H22="ATP",H22="GUP",H22="CHK",H22="SPK", H22="NIC"),OR(U22>125,U22<75)),"FALSE",IF(AND(H22="DUP",OR(U22>25, U22<-25)),"FALSE",IF(AND(OR(H22="LAB",H22="FLD",H22="ESF"),U22>15),"FALSE","TRUE"))) -> TRUE | X22: =IF(ISNA(VLOOKUP(H22,QCEQUATIONS,2,)),"",(VLOOKUP(H22,QCEQUATIONS,2,))) | Y22: OM_1-30-2025_10-50-49AMadj-adj (8500).OMN | AL22: =IF($O22="", "", IF(AQ22<>"", SUBSTITUTE(SUBSTITUTE(AQ22, "x", "*"&$O22&"^", 1), "x", "*"&$O22, 1), "")) -> FALSE | AM22: =IF($O22="", "", IF(AR22<>"", SUBSTITUTE(SUBSTITUTE(AR22, "x", "*"&$O22&"^", 1), "x", "*"&$O22, 1), "")) -> FALSE | AN22: =IF($O22="", "", IF(AS22<>"", SUBSTITUTE(SUBSTITUTE(AS22, "x", "*"&$O22&"^", 1), "x", "*"&$O22, 1), "")) -> FALSE | AO22: =IF($O22="", "FALSE", IF(AT22<>"FALSE", SUBSTITUTE(SUBSTITUTE(AT22, "x", "*"&$O22&"^", 1), "x", "*"&$O22, 1), "")) -> FALSE | AP22: =IF($O22="", "FALSE", IF(AU22<>"FALSE", SUBSTITUTE(SUBSTITUTE(AU22, "x", "*"&$O22&"^", 1), "x", "*"&$O22, 1), "")) -> FALSE | AQ22: =IF(AND(I22="TP",S22<=150),VLOOKUP(AF22,TPCalibEq150!$AZ$2:$BB$166,3,),IF(AND(I22="TDP",S22<=150),VLOOKUP(AF22,TPCalibEq150!$AZ$2:$BB$166,3,))) -> FALSE | AR22: =IF(AND(I22="TP",S22<=300),VLOOKUP(AF22,TPCalibEq300!$AZ$2:$BB$166,3,),IF(AND(I22="TDP",S22<=300),VLOOKUP(AF22,TPCalibEq300!$AZ$2:$BB$166,3,))) -> FALSE | AS22: =IF(AND(I22="TP",S22<=500),VLOOKUP(AF22,TPCalibEq500!$AZ$2:$BB$165,3,),IF(AND(I22="TDP",S22<=500),VLOOKUP(AF22,TPCalibEq500!$AZ$2:$BB$165,3,))) -> FALSE | AT22: =IF(AND(I22="TN",S22<=2800),VLOOKUP(AF22,TNCalibEq2500!$AZ$2:$BB$165,3,),IF(AND(I22="TDN",S22<=2800),VLOOKUP(AF22,TNCalibEq2500!$AZ$2:$BB$165,3,))) -> FALSE | AU22: =IF(I22="TP",VLOOKUP(AF22,TPCalibEqFull!$AZ$2:$BB$165,3),IF(I22="TDP",VLOOKUP(AF22,TPCalibEqFull!$AZ$2:$BB$165,3),IF(I22="TDN",VLOOKUP(AF22,TNCalibEqFull!$AZ$2:$BB$164,3),IF(I22="TN",VLOOKUP(AF22,TNCalibEqFull!$AZ$2:$BB$164,3),FALSE)))) -> FALSE | AV22: =TEXT(A22, "YYYYMMDD")&" "&TEXT(B22, "HH:MM:SS")&"-"&C22&"-"&D22&"-"&E22&"-"&F22&"-"&G22&"-"&H22 -> 20240803 00:00:00-1000-16-Sh-1-DI-BLK
A23: 45507 | B23: 0 | C23: 1000 | D23: 16 | E23: Sh | F23: 1 | G23: SW | H23: UKN | I23: TNH4 | J23: 21 | K23: 45687 | L23: 0.4969213 | M23: 1 | N23: N-1.1 | O23: 0.264 | P23: 0.0235 | Q23: 16.1 | R23: ug-N/L | S23: =IF(OR(AND(I23<>"TP", I23<>"TDP",I23<>"TN", I23<>"TDN"),H23="CAL"), Q23*M23, IF(OR(AND(I23="TN", Q23>2500), AND(I23="TDN", Q23>2500)),MAX(Q23, AK23)*M23, IF(OR(AND(I23="TN", Q23<=2500), AND(I23="TDN", Q23<=2500)),MAX(Q23, AJ23,AK23)*M23, IF(OR(AND(I23="TP",Q23>500), AND(I23="TDP", Q23>500)),MAX(Q23,AK23)*M23,IF(OR(AND(I23="TP",Q23<=150), AND(I23="TDP", Q23<=150)),MAX(Q23,AG23:AI23,AK23)*M23,IF(OR(AND(I23="TP",Q23<=300), AND(I23="TDP", Q23<=300)),MAX(Q23,AH23,AI23,AK23)*M23,IF(OR(AND(I23="TP",Q23<=500), AND(I23="TDP", Q23<=500)),MAX(Q23,AI23,AK23)*M23,""))))))) -> 16.1 | T23: Conc = 0.169 * Area^2 + 60.8 * Area + 0.00 | U23: =IF(OR(H23="CHK",H23="ATP",H23="GUP",H23="PER", H23="NIC", H23="UREA"),(S23/V23*100),IF(H23="DUP",((ABS(S23-S22))/((S22+S23)/2))*100,IF(H23="SPK",((S23-S22)/V23*100),IF(OR(H23="LAB",H23="FLD",H23="ESF"),S23,"")))) | V23: =IF(H23="CHK",VLOOKUP(I23,QCCHK,3,),IF(H23="GUP",VLOOKUP(E23,QCGUP,2,),IF(AND(H23="ATP",OR(I23="TN",I23="TDN",I23="TNO2-3",I23="NO2-3")),VLOOKUP(E23,QCREC_N,2,),IF(AND(H23="NIC",OR(I23="TN",I23="TDN",I23="TNO2-3",I23="NO2-3")),VLOOKUP(E23,QCNIC_N,2,),IF(AND(H23="UREA",OR(I23="TN",I23="TDN",I23="TNO2-3",I23="NO2-3")),VLOOKUP(E23,QCUREA_N,2,),IF(H23="PER",VLOOKUP(I23,QCPER,MATCH(E23,QCACTUAL!$J$25:$AA$25,0),),IF(H23="SPK",VLOOKUP(I23,QCSPK,3,),IF(AND(H23="ATP",OR(I23="TP",I23="TDP")),VLOOKUP(E23,QCATP_P,2,),"")))))))) | W23: =IF(AND(OR(H23="PER",H23="ATP",H23="GUP",H23="CHK",H23="SPK", H23="NIC"),OR(U23>125,U23<75)),"FALSE",IF(AND(H23="DUP",OR(U23>25, U23<-25)),"FALSE",IF(AND(OR(H23="LAB",H23="FLD",H23="ESF"),U23>15),"FALSE","TRUE"))) -> TRUE | X23: =IF(ISNA(VLOOKUP(H23,QCEQUATIONS,2,)),"",(VLOOKUP(H23,QCEQUATIONS,2,))) | Y23: OM_1-30-2025_10-50-49AMadj-adj (8500).OMN | AL23: =IF($O23="", "", IF(AQ23<>"", SUBSTITUTE(SUBSTITUTE(AQ23, "x", "*"&$O23&"^", 1), "x", "*"&$O23, 1), "")) -> FALSE | AM23: =IF($O23="", "", IF(AR23<>"", SUBSTITUTE(SUBSTITUTE(AR23, "x", "*"&$O23&"^", 1), "x", "*"&$O23, 1), "")) -> FALSE | AN23: =IF($O23="", "", IF(AS23<>"", SUBSTITUTE(SUBSTITUTE(AS23, "x", "*"&$O23&"^", 1), "x", "*"&$O23, 1), "")) -> FALSE | AO23: =IF($O23="", "FALSE", IF(AT23<>"FALSE", SUBSTITUTE(SUBSTITUTE(AT23, "x", "*"&$O23&"^", 1), "x", "*"&$O23, 1), "")) -> FALSE | AP23: =IF($O23="", "FALSE", IF(AU23<>"FALSE", SUBSTITUTE(SUBSTITUTE(AU23, "x", "*"&$O23&"^", 1), "x", "*"&$O23, 1), "")) -> FALSE | AQ23: =IF(AND(I23="TP",S23<=150),VLOOKUP(AF23,TPCalibEq150!$AZ$2:$BB$166,3,),IF(AND(I23="TDP",S23<=150),VLOOKUP(AF23,TPCalibEq150!$AZ$2:$BB$166,3,))) -> FALSE | AR23: =IF(AND(I23="TP",S23<=300),VLOOKUP(AF23,TPCalibEq300!$AZ$2:$BB$166,3,),IF(AND(I23="TDP",S23<=300),VLOOKUP(AF23,TPCalibEq300!$AZ$2:$BB$166,3,))) -> FALSE | AS23: =IF(AND(I23="TP",S23<=500),VLOOKUP(AF23,TPCalibEq500!$AZ$2:$BB$165,3,),IF(AND(I23="TDP",S23<=500),VLOOKUP(AF23,TPCalibEq500!$AZ$2:$BB$165,3,))) -> FALSE | AT23: =IF(AND(I23="TN",S23<=2800),VLOOKUP(AF23,TNCalibEq2500!$AZ$2:$BB$165,3,),IF(AND(I23="TDN",S23<=2800),VLOOKUP(AF23,TNCalibEq2500!$AZ$2:$BB$165,3,))) -> FALSE | AU23: =IF(I23="TP",VLOOKUP(AF23,TPCalibEqFull!$AZ$2:$BB$165,3),IF(I23="TDP",VLOOKUP(AF23,TPCalibEqFull!$AZ$2:$BB$165,3),IF(I23="TDN",VLOOKUP(AF23,TNCalibEqFull!$AZ$2:$BB$164,3),IF(I23="TN",VLOOKUP(AF23,TNCalibEqFull!$AZ$2:$BB$164,3),FALSE)))) -> FALSE | AV23: =TEXT(A23, "YYYYMMDD")&" "&TEXT(B23, "HH:MM:SS")&"-"&C23&"-"&D23&"-"&E23&"-"&F23&"-"&G23&"-"&H23 -> 20240803 00:00:00-1000-16-Sh-1-SW-UKN
A24: 45507 | B24: 0 | C24: 1000 | D24: 16 | E24: Sh | F24: 2 | G24: SW | H24: UKN | I24: TNH4 | J24: 22 | K24: 45687 | L24: 0.49773148 | M24: 1 | N24: N-1.1 | O24: 0.012 | P24: 0.00193 | Q24: 0.726 | R24: ug-N/L | S24: =IF(OR(AND(I24<>"TP", I24<>"TDP",I24<>"TN", I24<>"TDN"),H24="CAL"), Q24*M24, IF(OR(AND(I24="TN", Q24>2500), AND(I24="TDN", Q24>2500)),MAX(Q24, AK24)*M24, IF(OR(AND(I24="TN", Q24<=2500), AND(I24="TDN", Q24<=2500)),MAX(Q24, AJ24,AK24)*M24, IF(OR(AND(I24="TP",Q24>500), AND(I24="TDP", Q24>500)),MAX(Q24,AK24)*M24,IF(OR(AND(I24="TP",Q24<=150), AND(I24="TDP", Q24<=150)),MAX(Q24,AG24:AI24,AK24)*M24,IF(OR(AND(I24="TP",Q24<=300), AND(I24="TDP", Q24<=300)),MAX(Q24,AH24,AI24,AK24)*M24,IF(OR(AND(I24="TP",Q24<=500), AND(I24="TDP", Q24<=500)),MAX(Q24,AI24,AK24)*M24,""))))))) -> 0.726 | T24: Conc = 0.169 * Area^2 + 60.8 * Area + 0.00 | U24: =IF(OR(H24="CHK",H24="ATP",H24="GUP",H24="PER", H24="NIC", H24="UREA"),(S24/V24*100),IF(H24="DUP",((ABS(S24-S23))/((S23+S24)/2))*100,IF(H24="SPK",((S24-S23)/V24*100),IF(OR(H24="LAB",H24="FLD",H24="ESF"),S24,"")))) | V24: =IF(H24="CHK",VLOOKUP(I24,QCCHK,3,),IF(H24="GUP",VLOOKUP(E24,QCGUP,2,),IF(AND(H24="ATP",OR(I24="TN",I24="TDN",I24="TNO2-3",I24="NO2-3")),VLOOKUP(E24,QCREC_N,2,),IF(AND(H24="NIC",OR(I24="TN",I24="TDN",I24="TNO2-3",I24="NO2-3")),VLOOKUP(E24,QCNIC_N,2,),IF(AND(H24="UREA",OR(I24="TN",I24="TDN",I24="TNO2-3",I24="NO2-3")),VLOOKUP(E24,QCUREA_N,2,),IF(H24="PER",VLOOKUP(I24,QCPER,MATCH(E24,QCACTUAL!$J$25:$AA$25,0),),IF(H24="SPK",VLOOKUP(I24,QCSPK,3,),IF(AND(H24="ATP",OR(I24="TP",I24="TDP")),VLOOKUP(E24,QCATP_P,2,),"")))))))) | W24: =IF(AND(OR(H24="PER",H24="ATP",H24="GUP",H24="CHK",H24="SPK", H24="NIC"),OR(U24>125,U24<75)),"FALSE",IF(AND(H24="DUP",OR(U24>25, U24<-25)),"FALSE",IF(AND(OR(H24="LAB",H24="FLD",H24="ESF"),U24>15),"FALSE","TRUE"))) -> TRUE | X24: =IF(ISNA(VLOOKUP(H24,QCEQUATIONS,2,)),"",(VLOOKUP(H24,QCEQUATIONS,2,))) | Y24: OM_1-30-2025_10-50-49AMadj-adj (8500).OMN | AL24: =IF($O24="", "", IF(AQ24<>"", SUBSTITUTE(SUBSTITUTE(AQ24, "x", "*"&$O24&"^", 1), "x", "*"&$O24, 1), "")) -> FALSE | AM24: =IF($O24="", "", IF(AR24<>"", SUBSTITUTE(SUBSTITUTE(AR24, "x", "*"&$O24&"^", 1), "x", "*"&$O24, 1), "")) -> FALSE | AN24: =IF($O24="", "", IF(AS24<>"", SUBSTITUTE(SUBSTITUTE(AS24, "x", "*"&$O24&"^", 1), "x", "*"&$O24, 1), "")) -> FALSE | AO24: =IF($O24="", "FALSE", IF(AT24<>"FALSE", SUBSTITUTE(SUBSTITUTE(AT24, "x", "*"&$O24&"^", 1), "x", "*"&$O24, 1), "")) -> FALSE | AP24: =IF($O24="", "FALSE", IF(AU24<>"FALSE", SUBSTITUTE(SUBSTITUTE(AU24, "x", "*"&$O24&"^", 1), "x", "*"&$O24, 1), "")) -> FALSE | AQ24: =IF(AND(I24="TP",S24<=150),VLOOKUP(AF24,TPCalibEq150!$AZ$2:$BB$166,3,),IF(AND(I24="TDP",S24<=150),VLOOKUP(AF24,TPCalibEq150!$AZ$2:$BB$166,3,))) -> FALSE | AR24: =IF(AND(I24="TP",S24<=300),VLOOKUP(AF24,TPCalibEq300!$AZ$2:$BB$166,3,),IF(AND(I24="TDP",S24<=300),VLOOKUP(AF24,TPCalibEq300!$AZ$2:$BB$166,3,))) -> FALSE | AS24: =IF(AND(I24="TP",S24<=500),VLOOKUP(AF24,TPCalibEq500!$AZ$2:$BB$165,3,),IF(AND(I24="TDP",S24<=500),VLOOKUP(AF24,TPCalibEq500!$AZ$2:$BB$165,3,))) -> FALSE | AT24: =IF(AND(I24="TN",S24<=2800),VLOOKUP(AF24,TNCalibEq2500!$AZ$2:$BB$165,3,),IF(AND(I24="TDN",S24<=2800),VLOOKUP(AF24,TNCalibEq2500!$AZ$2:$BB$165,3,))) -> FALSE | AU24: =IF(I24="TP",VLOOKUP(AF24,TPCalibEqFull!$AZ$2:$BB$165,3),IF(I24="TDP",VLOOKUP(AF24,TPCalibEqFull!$AZ$2:$BB$165,3),IF(I24="TDN",VLOOKUP(AF24,TNCalibEqFull!$AZ$2:$BB$164,3),IF(I24="TN",VLOOKUP(AF24,TNCalibEqFull!$AZ$2:$BB$164,3),FALSE)))) -> FALSE | AV24: =TEXT(A24, "YYYYMMDD")&" "&TEXT(B24, "HH:MM:SS")&"-"&C24&"-"&D24&"-"&E24&"-"&F24&"-"&G24&"-"&H24 -> 20240803 00:00:00-1000-16-Sh-2-SW-UKN
A25: 45507 | B25: 0 | C25: 1000 | D25: 16 | E25: Sh | F25: 2 | G25: SW | H25: DUP | I25: TNH4 | J25: 22 | K25: 45687 | L25: 0.49855324 | M25: 1 | N25: N-1.1 | O25: 0.0162 | P25: 0.00178 | Q25: 0.982 | R25: ug-N/L | S25: =IF(OR(AND(I25<>"TP", I25<>"TDP",I25<>"TN", I25<>"TDN"),H25="CAL"), Q25*M25, IF(OR(AND(I25="TN", Q25>2500), AND(I25="TDN", Q25>2500)),MAX(Q25, AK25)*M25, IF(OR(AND(I25="TN", Q25<=2500), AND(I25="TDN", Q25<=2500)),MAX(Q25, AJ25,AK25)*M25, IF(OR(AND(I25="TP",Q25>500), AND(I25="TDP", Q25>500)),MAX(Q25,AK25)*M25,IF(OR(AND(I25="TP",Q25<=150), AND(I25="TDP", Q25<=150)),MAX(Q25,AG25:AI25,AK25)*M25,IF(OR(AND(I25="TP",Q25<=300), AND(I25="TDP", Q25<=300)),MAX(Q25,AH25,AI25,AK25)*M25,IF(OR(AND(I25="TP",Q25<=500), AND(I25="TDP", Q25<=500)),MAX(Q25,AI25,AK25)*M25,""))))))) -> 0.982 | T25: Conc = 0.169 * Area^2 + 60.8 * Area + 0.00 | U25: =IF(OR(H25="CHK",H25="ATP",H25="GUP",H25="PER", H25="NIC", H25="UREA"),(S25/V25*100),IF(H25="DUP",((ABS(S25-S24))/((S24+S25)/2))*100,IF(H25="SPK",((S25-S24)/V25*100),IF(OR(H25="LAB",H25="FLD",H25="ESF"),S25,"")))) -> 29.976581 | V25: =IF(H25="CHK",VLOOKUP(I25,QCCHK,3,),IF(H25="GUP",VLOOKUP(E25,QCGUP,2,),IF(AND(H25="ATP",OR(I25="TN",I25="TDN",I25="TNO2-3",I25="NO2-3")),VLOOKUP(E25,QCREC_N,2,),IF(AND(H25="NIC",OR(I25="TN",I25="TDN",I25="TNO2-3",I25="NO2-3")),VLOOKUP(E25,QCNIC_N,2,),IF(AND(H25="UREA",OR(I25="TN",I25="TDN",I25="TNO2-3",I25="NO2-3")),VLOOKUP(E25,QCUREA_N,2,),IF(H25="PER",VLOOKUP(I25,QCPER,MATCH(E25,QCACTUAL!$J$25:$AA$25,0),),IF(H25="SPK",VLOOKUP(I25,QCSPK,3,),IF(AND(H25="ATP",OR(I25="TP",I25="TDP")),VLOOKUP(E25,QCATP_P,2,),"")))))))) | W25: TRUE | X25: =IF(ISNA(VLOOKUP(H25,QCEQUATIONS,2,)),"",(VLOOKUP(H25,QCEQUATIONS,2,))) -> ((ABS(rep1-rep2))/((rep1+rep2)/2)*100 | Y25: OM_1-30-2025_10-50-49AMadj-adj (8500).OMN | Z25: Manually changed to "TRUE" due to low concentrations | AL25: =IF($O25="", "", IF(AQ25<>"", SUBSTITUTE(SUBSTITUTE(AQ25, "x", "*"&$O25&"^", 1), "x", "*"&$O25, 1), "")) -> FALSE | AM25: =IF($O25="", "", IF(AR25<>"", SUBSTITUTE(SUBSTITUTE(AR25, "x", "*"&$O25&"^", 1), "x", "*"&$O25, 1), "")) -> FALSE | AN25: =IF($O25="", "", IF(AS25<>"", SUBSTITUTE(SUBSTITUTE(AS25, "x", "*"&$O25&"^", 1), "x", "*"&$O25, 1), "")) -> FALSE | AO25: =IF($O25="", "FALSE", IF(AT25<>"FALSE", SUBSTITUTE(SUBSTITUTE(AT25, "x", "*"&$O25&"^", 1), "x", "*"&$O25, 1), "")) -> FALSE | AP25: =IF($O25="", "FALSE", IF(AU25<>"FALSE", SUBSTITUTE(SUBSTITUTE(AU25, "x", "*"&$O25&"^", 1), "x", "*"&$O25, 1), "")) -> FALSE | AQ25: =IF(AND(I25="TP",S25<=150),VLOOKUP(AF25,TPCalibEq150!$AZ$2:$BB$166,3,),IF(AND(I25="TDP",S25<=150),VLOOKUP(AF25,TPCalibEq150!$AZ$2:$BB$166,3,))) -> FALSE | AR25: =IF(AND(I25="TP",S25<=300),VLOOKUP(AF25,TPCalibEq300!$AZ$2:$BB$166,3,),IF(AND(I25="TDP",S25<=300),VLOOKUP(AF25,TPCalibEq300!$AZ$2:$BB$166,3,))) -> FALSE | AS25: =IF(AND(I25="TP",S25<=500),VLOOKUP(AF25,TPCalibEq500!$AZ$2:$BB$165,3,),IF(AND(I25="TDP",S25<=500),VLOOKUP(AF25,TPCalibEq500!$AZ$2:$BB$165,3,))) -> FALSE | AT25: =IF(AND(I25="TN",S25<=2800),VLOOKUP(AF25,TNCalibEq2500!$AZ$2:$BB$165,3,),IF(AND(I25="TDN",S25<=2800),VLOOKUP(AF25,TNCalibEq2500!$AZ$2:$BB$165,3,))) -> FALSE | AU25: =IF(I25="TP",VLOOKUP(AF25,TPCalibEqFull!$AZ$2:$BB$165,3),IF(I25="TDP",VLOOKUP(AF25,TPCalibEqFull!$AZ$2:$BB$165,3),IF(I25="TDN",VLOOKUP(AF25,TNCalibEqFull!$AZ$2:$BB$164,3),IF(I25="TN",VLOOKUP(AF25,TNCalibEqFull!$AZ$2:$BB$164,3),FALSE)))) -> FALSE | AV25: =TEXT(A25, "YYYYMMDD")&" "&TEXT(B25, "HH:MM:SS")&"-"&C25&"-"&D25&"-"&E25&"-"&F25&"-"&G25&"-"&H25 -> 20240803 00:00:00-1000-16-Sh-2-SW-DUP
A26: 45514 | B26: 0 | C26: 1000 | D26: 17 | E26: Sh | F26: 1 | G26: DI | H26: BLK | I26: TNH4 | J26: 23 | K26: 45687 | L26: 0.50101852 | M26: 1 | N26: N-1.1 | O26: 0.215 | P26: 0.0444 | Q26: 13.1 | R26: ug-N/L | S26: =IF(OR(AND(I26<>"TP", I26<>"TDP",I26<>"TN", I26<>"TDN"),H26="CAL"), Q26*M26, IF(OR(AND(I26="TN", Q26>2500), AND(I26="TDN", Q26>2500)),MAX(Q26, AK26)*M26, IF(OR(AND(I26="TN", Q26<=2500), AND(I26="TDN", Q26<=2500)),MAX(Q26, AJ26,AK26)*M26, IF(OR(AND(I26="TP",Q26>500), AND(I26="TDP", Q26>500)),MAX(Q26,AK26)*M26,IF(OR(AND(I26="TP",Q26<=150), AND(I26="TDP", Q26<=150)),MAX(Q26,AG26:AI26,AK26)*M26,IF(OR(AND(I26="TP",Q26<=300), AND(I26="TDP", Q26<=300)),MAX(Q26,AH26,AI26,AK26)*M26,IF(OR(AND(I26="TP",Q26<=500), AND(I26="TDP", Q26<=500)),MAX(Q26,AI26,AK26)*M26,""))))))) -> 13.1 | T26: Conc = 0.169 * Area^2 + 60.8 * Area + 0.00 | U26: =IF(OR(H26="CHK",H26="ATP",H26="GUP",H26="PER", H26="NIC", H26="UREA"),(S26/V26*100),IF(H26="DUP",((ABS(S26-#REF!))/((#REF!+S26)/2))*100,IF(H26="SPK",((S26-#REF!)/V26*100),IF(OR(H26="LAB",H26="FLD",H26="ESF"),S26,"")))) | V26: =IF(H26="CHK",VLOOKUP(I26,QCCHK,3,),IF(H26="GUP",VLOOKUP(E26,QCGUP,2,),IF(AND(H26="ATP",OR(I26="TN",I26="TDN",I26="TNO2-3",I26="NO2-3")),VLOOKUP(E26,QCREC_N,2,),IF(AND(H26="NIC",OR(I26="TN",I26="TDN",I26="TNO2-3",I26="NO2-3")),VLOOKUP(E26,QCNIC_N,2,),IF(AND(H26="UREA",OR(I26="TN",I26="TDN",I26="TNO2-3",I26="NO2-3")),VLOOKUP(E26,QCUREA_N,2,),IF(H26="PER",VLOOKUP(I26,QCPER,MATCH(E26,QCACTUAL!$J$25:$AA$25,0),),IF(H26="SPK",VLOOKUP(I26,QCSPK,3,),IF(AND(H26="ATP",OR(I26="TP",I26="TDP")),VLOOKUP(E26,QCATP_P,2,),"")))))))) | W26: =IF(AND(OR(H26="PER",H26="ATP",H26="GUP",H26="CHK",H26="SPK", H26="NIC"),OR(U26>125,U26<75)),"FALSE",IF(AND(H26="DUP",OR(U26>25, U26<-25)),"FALSE",IF(AND(OR(H26="LAB",H26="FLD",H26="ESF"),U26>15),"FALSE","TRUE"))) -> TRUE | X26: =IF(ISNA(VLOOKUP(H26,QCEQUATIONS,2,)),"",(VLOOKUP(H26,QCEQUATIONS,2,))) | Y26: OM_1-30-2025_10-50-49AMadj-adj (8500).OMN | AL26: =IF($O26="", "", IF(AQ26<>"", SUBSTITUTE(SUBSTITUTE(AQ26, "x", "*"&$O26&"^", 1), "x", "*"&$O26, 1), "")) -> FALSE | AM26: =IF($O26="", "", IF(AR26<>"", SUBSTITUTE(SUBSTITUTE(AR26, "x", "*"&$O26&"^", 1), "x", "*"&$O26, 1), "")) -> FALSE | AN26: =IF($O26="", "", IF(AS26<>"", SUBSTITUTE(SUBSTITUTE(AS26, "x", "*"&$O26&"^", 1), "x", "*"&$O26, 1), "")) -> FALSE | AO26: =IF($O26="", "FALSE", IF(AT26<>"FALSE", SUBSTITUTE(SUBSTITUTE(AT26, "x", "*"&$O26&"^", 1), "x", "*"&$O26, 1), "")) -> FALSE | AP26: =IF($O26="", "FALSE", IF(AU26<>"FALSE", SUBSTITUTE(SUBSTITUTE(AU26, "x", "*"&$O26&"^", 1), "x", "*"&$O26, 1), "")) -> FALSE | AQ26: =IF(AND(I26="TP",S26<=150),VLOOKUP(AF26,TPCalibEq150!$AZ$2:$BB$166,3,),IF(AND(I26="TDP",S26<=150),VLOOKUP(AF26,TPCalibEq150!$AZ$2:$BB$166,3,))) -> FALSE | AR26: =IF(AND(I26="TP",S26<=300),VLOOKUP(AF26,TPCalibEq300!$AZ$2:$BB$166,3,),IF(AND(I26="TDP",S26<=300),VLOOKUP(AF26,TPCalibEq300!$AZ$2:$BB$166,3,))) -> FALSE | AS26: =IF(AND(I26="TP",S26<=500),VLOOKUP(AF26,TPCalibEq500!$AZ$2:$BB$165,3,),IF(AND(I26="TDP",S26<=500),VLOOKUP(AF26,TPCalibEq500!$AZ$2:$BB$165,3,))) -> FALSE | AT26: =IF(AND(I26="TN",S26<=2800),VLOOKUP(AF26,TNCalibEq2500!$AZ$2:$BB$165,3,),IF(AND(I26="TDN",S26<=2800),VLOOKUP(AF26,TNCalibEq2500!$AZ$2:$BB$165,3,))) -> FALSE | AU26: =IF(I26="TP",VLOOKUP(AF26,TPCalibEqFull!$AZ$2:$BB$165,3),IF(I26="TDP",VLOOKUP(AF26,TPCalibEqFull!$AZ$2:$BB$165,3),IF(I26="TDN",VLOOKUP(AF26,TNCalibEqFull!$AZ$2:$BB$164,3),IF(I26="TN",VLOOKUP(AF26,TNCalibEqFull!$AZ$2:$BB$164,3),FALSE)))) -> FALSE | AV26: =TEXT(A26, "YYYYMMDD")&" "&TEXT(B26, "HH:MM:SS")&"-"&C26&"-"&D26&"-"&E26&"-"&F26&"-"&G26&"-"&H26 -> 20240810 00:00:00-1000-17-Sh-1-DI-BLK
A27: 45514 | B27: 0 | C27: 1000 | D27: 17 | E27: Sh | F27: 1 | G27: SW | H27: UKN | I27: TNH4 | J27: 24 | K27: 45687 | L27: 0.50180556 | M27: 1 | N27: N-1.1 | O27: 0.0205 | P27: 0.00161 | Q27: 1.25 | R27: ug-N/L | S27: =IF(OR(AND(I27<>"TP", I27<>"TDP",I27<>"TN", I27<>"TDN"),H27="CAL"), Q27*M27, IF(OR(AND(I27="TN", Q27>2500), AND(I27="TDN", Q27>2500)),MAX(Q27, AK27)*M27, IF(OR(AND(I27="TN", Q27<=2500), AND(I27="TDN", Q27<=2500)),MAX(Q27, AJ27,AK27)*M27, IF(OR(AND(I27="TP",Q27>500), AND(I27="TDP", Q27>500)),MAX(Q27,AK27)*M27,IF(OR(AND(I27="TP",Q27<=150), AND(I27="TDP", Q27<=150)),MAX(Q27,AG27:AI27,AK27)*M27,IF(OR(AND(I27="TP",Q27<=300), AND(I27="TDP", Q27<=300)),MAX(Q27,AH27,AI27,AK27)*M27,IF(OR(AND(I27="TP",Q27<=500), AND(I27="TDP", Q27<=500)),MAX(Q27,AI27,AK27)*M27,""))))))) -> 1.25 | T27: Conc = 0.169 * Area^2 + 60.8 * Area + 0.00 | U27: =IF(OR(H27="CHK",H27="ATP",H27="GUP",H27="PER", H27="NIC", H27="UREA"),(S27/V27*100),IF(H27="DUP",((ABS(S27-S26))/((S26+S27)/2))*100,IF(H27="SPK",((S27-S26)/V27*100),IF(OR(H27="LAB",H27="FLD",H27="ESF"),S27,"")))) | V27: =IF(H27="CHK",VLOOKUP(I27,QCCHK,3,),IF(H27="GUP",VLOOKUP(E27,QCGUP,2,),IF(AND(H27="ATP",OR(I27="TN",I27="TDN",I27="TNO2-3",I27="NO2-3")),VLOOKUP(E27,QCREC_N,2,),IF(AND(H27="NIC",OR(I27="TN",I27="TDN",I27="TNO2-3",I27="NO2-3")),VLOOKUP(E27,QCNIC_N,2,),IF(AND(H27="UREA",OR(I27="TN",I27="TDN",I27="TNO2-3",I27="NO2-3")),VLOOKUP(E27,QCUREA_N,2,),IF(H27="PER",VLOOKUP(I27,QCPER,MATCH(E27,QCACTUAL!$J$25:$AA$25,0),),IF(H27="SPK",VLOOKUP(I27,QCSPK,3,),IF(AND(H27="ATP",OR(I27="TP",I27="TDP")),VLOOKUP(E27,QCATP_P,2,),"")))))))) | W27: =IF(AND(OR(H27="PER",H27="ATP",H27="GUP",H27="CHK",H27="SPK", H27="NIC"),OR(U27>125,U27<75)),"FALSE",IF(AND(H27="DUP",OR(U27>25, U27<-25)),"FALSE",IF(AND(OR(H27="LAB",H27="FLD",H27="ESF"),U27>15),"FALSE","TRUE"))) -> TRUE | X27: =IF(ISNA(VLOOKUP(H27,QCEQUATIONS,2,)),"",(VLOOKUP(H27,QCEQUATIONS,2,))) | Y27: OM_1-30-2025_10-50-49AMadj-adj (8500).OMN | AL27: =IF($O27="", "", IF(AQ27<>"", SUBSTITUTE(SUBSTITUTE(AQ27, "x", "*"&$O27&"^", 1), "x", "*"&$O27, 1), "")) -> FALSE | AM27: =IF($O27="", "", IF(AR27<>"", SUBSTITUTE(SUBSTITUTE(AR27, "x", "*"&$O27&"^", 1), "x", "*"&$O27, 1), "")) -> FALSE | AN27: =IF($O27="", "", IF(AS27<>"", SUBSTITUTE(SUBSTITUTE(AS27, "x", "*"&$O27&"^", 1), "x", "*"&$O27, 1), "")) -> FALSE | AO27: =IF($O27="", "FALSE", IF(AT27<>"FALSE", SUBSTITUTE(SUBSTITUTE(AT27, "x", "*"&$O27&"^", 1), "x", "*"&$O27, 1), "")) -> FALSE | AP27: =IF($O27="", "FALSE", IF(AU27<>"FALSE", SUBSTITUTE(SUBSTITUTE(AU27, "x", "*"&$O27&"^", 1), "x", "*"&$O27, 1), "")) -> FALSE | AQ27: =IF(AND(I27="TP",S27<=150),VLOOKUP(AF27,TPCalibEq150!$AZ$2:$BB$166,3,),IF(AND(I27="TDP",S27<=150),VLOOKUP(AF27,TPCalibEq150!$AZ$2:$BB$166,3,))) -> FALSE | AR27: =IF(AND(I27="TP",S27<=300),VLOOKUP(AF27,TPCalibEq300!$AZ$2:$BB$166,3,),IF(AND(I27="TDP",S27<=300),VLOOKUP(AF27,TPCalibEq300!$AZ$2:$BB$166,3,))) -> FALSE | AS27: =IF(AND(I27="TP",S27<=500),VLOOKUP(AF27,TPCalibEq500!$AZ$2:$BB$165,3,),IF(AND(I27="TDP",S27<=500),VLOOKUP(AF27,TPCalibEq500!$AZ$2:$BB$165,3,))) -> FALSE | AT27: =IF(AND(I27="TN",S27<=2800),VLOOKUP(AF27,TNCalibEq2500!$AZ$2:$BB$165,3,),IF(AND(I27="TDN",S27<=2800),VLOOKUP(AF27,TNCalibEq2500!$AZ$2:$BB$165,3,))) -> FALSE | AU27: =IF(I27="TP",VLOOKUP(AF27,TPCalibEqFull!$AZ$2:$BB$165,3),IF(I27="TDP",VLOOKUP(AF27,TPCalibEqFull!$AZ$2:$BB$165,3),IF(I27="TDN",VLOOKUP(AF27,TNCalibEqFull!$AZ$2:$BB$164,3),IF(I27="TN",VLOOKUP(AF27,TNCalibEqFull!$AZ$2:$BB$164,3),FALSE)))) -> FALSE | AV27: =TEXT(A27, "YYYYMMDD")&" "&TEXT(B27, "HH:MM:SS")&"-"&C27&"-"&D27&"-"&E27&"-"&F27&"-"&G27&"-"&H27 -> 20240810 00:00:00-1000-17-Sh-1-SW-UKN
A28: 45514 | B28: 0 | C28: 1000 | D28: 17 | E28: Sh | F28: 2 | G28: SW | H28: UKN | I28: TNH4 | J28: 25 | K28: 45687 | L28: 0.50263889 | M28: 1 | N28: N-1.1 | O28: 0.0147 | P28: 0.00174 | Q28: 0.896 | R28: ug-N/L | S28: =IF(OR(AND(I28<>"TP", I28<>"TDP",I28<>"TN", I28<>"TDN"),H28="CAL"), Q28*M28, IF(OR(AND(I28="TN", Q28>2500), AND(I28="TDN", Q28>2500)),MAX(Q28, AK28)*M28, IF(OR(AND(I28="TN", Q28<=2500), AND(I28="TDN", Q28<=2500)),MAX(Q28, AJ28,AK28)*M28, IF(OR(AND(I28="TP",Q28>500), AND(I28="TDP", Q28>500)),MAX(Q28,AK28)*M28,IF(OR(AND(I28="TP",Q28<=150), AND(I28="TDP", Q28<=150)),MAX(Q28,AG28:AI28,AK28)*M28,IF(OR(AND(I28="TP",Q28<=300), AND(I28="TDP", Q28<=300)),MAX(Q28,AH28,AI28,AK28)*M28,IF(OR(AND(I28="TP",Q28<=500), AND(I28="TDP", Q28<=500)),MAX(Q28,AI28,AK28)*M28,""))))))) -> 0.896 | T28: Conc = 0.169 * Area^2 + 60.8 * Area + 0.00 | U28: =IF(OR(H28="CHK",H28="ATP",H28="GUP",H28="PER", H28="NIC", H28="UREA"),(S28/V28*100),IF(H28="DUP",((ABS(S28-S27))/((S27+S28)/2))*100,IF(H28="SPK",((S28-S27)/V28*100),IF(OR(H28="LAB",H28="FLD",H28="ESF"),S28,"")))) | V28: =IF(H28="CHK",VLOOKUP(I28,QCCHK,3,),IF(H28="GUP",VLOOKUP(E28,QCGUP,2,),IF(AND(H28="ATP",OR(I28="TN",I28="TDN",I28="TNO2-3",I28="NO2-3")),VLOOKUP(E28,QCREC_N,2,),IF(AND(H28="NIC",OR(I28="TN",I28="TDN",I28="TNO2-3",I28="NO2-3")),VLOOKUP(E28,QCNIC_N,2,),IF(AND(H28="UREA",OR(I28="TN",I28="TDN",I28="TNO2-3",I28="NO2-3")),VLOOKUP(E28,QCUREA_N,2,),IF(H28="PER",VLOOKUP(I28,QCPER,MATCH(E28,QCACTUAL!$J$25:$AA$25,0),),IF(H28="SPK",VLOOKUP(I28,QCSPK,3,),IF(AND(H28="ATP",OR(I28="TP",I28="TDP")),VLOOKUP(E28,QCATP_P,2,),"")))))))) | W28: =IF(AND(OR(H28="PER",H28="ATP",H28="GUP",H28="CHK",H28="SPK", H28="NIC"),OR(U28>125,U28<75)),"FALSE",IF(AND(H28="DUP",OR(U28>25, U28<-25)),"FALSE",IF(AND(OR(H28="LAB",H28="FLD",H28="ESF"),U28>15),"FALSE","TRUE"))) -> TRUE | X28: =IF(ISNA(VLOOKUP(H28,QCEQUATIONS,2,)),"",(VLOOKUP(H28,QCEQUATIONS,2,))) | Y28: OM_1-30-2025_10-50-49AMadj-adj (8500).OMN | AL28: =IF($O28="", "", IF(AQ28<>"", SUBSTITUTE(SUBSTITUTE(AQ28, "x", "*"&$O28&"^", 1), "x", "*"&$O28, 1), "")) -> FALSE | AM28: =IF($O28="", "", IF(AR28<>"", SUBSTITUTE(SUBSTITUTE(AR28, "x", "*"&$O28&"^", 1), "x", "*"&$O28, 1), "")) -> FALSE | AN28: =IF($O28="", "", IF(AS28<>"", SUBSTITUTE(SUBSTITUTE(AS28, "x", "*"&$O28&"^", 1), "x", "*"&$O28, 1), "")) -> FALSE | AO28: =IF($O28="", "FALSE", IF(AT28<>"FALSE", SUBSTITUTE(SUBSTITUTE(AT28, "x", "*"&$O28&"^", 1), "x", "*"&$O28, 1), "")) -> FALSE | AP28: =IF($O28="", "FALSE", IF(AU28<>"FALSE", SUBSTITUTE(SUBSTITUTE(AU28, "x", "*"&$O28&"^", 1), "x", "*"&$O28, 1), "")) -> FALSE | AQ28: =IF(AND(I28="TP",S28<=150),VLOOKUP(AF28,TPCalibEq150!$AZ$2:$BB$166,3,),IF(AND(I28="TDP",S28<=150),VLOOKUP(AF28,TPCalibEq150!$AZ$2:$BB$166,3,))) -> FALSE | AR28: =IF(AND(I28="TP",S28<=300),VLOOKUP(AF28,TPCalibEq300!$AZ$2:$BB$166,3,),IF(AND(I28="TDP",S28<=300),VLOOKUP(AF28,TPCalibEq300!$AZ$2:$BB$166,3,))) -> FALSE | AS28: =IF(AND(I28="TP",S28<=500),VLOOKUP(AF28,TPCalibEq500!$AZ$2:$BB$165,3,),IF(AND(I28="TDP",S28<=500),VLOOKUP(AF28,TPCalibEq500!$AZ$2:$BB$165,3,))) -> FALSE | AT28: =IF(AND(I28="TN",S28<=2800),VLOOKUP(AF28,TNCalibEq2500!$AZ$2:$BB$165,3,),IF(AND(I28="TDN",S28<=2800),VLOOKUP(AF28,TNCalibEq2500!$AZ$2:$BB$165,3,))) -> FALSE | AU28: =IF(I28="TP",VLOOKUP(AF28,TPCalibEqFull!$AZ$2:$BB$165,3),IF(I28="TDP",VLOOKUP(AF28,TPCalibEqFull!$AZ$2:$BB$165,3),IF(I28="TDN",VLOOKUP(AF28,TNCalibEqFull!$AZ$2:$BB$164,3),IF(I28="TN",VLOOKUP(AF28,TNCalibEqFull!$AZ$2:$BB$164,3),FALSE)))) -> FALSE | AV28: =TEXT(A28, "YYYYMMDD")&" "&TEXT(B28, "HH:MM:SS")&"-"&C28&"-"&D28&"-"&E28&"-"&F28&"-"&G28&"-"&H28 -> 20240810 00:00:00-1000-17-Sh-2-SW-UKN
A29: 45514 | B29: 0 | C29: 1000 | D29: 17 | E29: Dp | F29: 1 | G29: SW | H29: UKN | I29: TNH4 | J29: 26 | K29: 45687 | L29: 0.50342593 | M29: 1 | N29: N-1.1 | O29: 0.0185 | P29: 0.0017 | Q29: 1.12 | R29: ug-N/L | S29: =IF(OR(AND(I29<>"TP", I29<>"TDP",I29<>"TN", I29<>"TDN"),H29="CAL"), Q29*M29, IF(OR(AND(I29="TN", Q29>2500), AND(I29="TDN", Q29>2500)),MAX(Q29, AK29)*M29, IF(OR(AND(I29="TN", Q29<=2500), AND(I29="TDN", Q29<=2500)),MAX(Q29, AJ29,AK29)*M29, IF(OR(AND(I29="TP",Q29>500), AND(I29="TDP", Q29>500)),MAX(Q29,AK29)*M29,IF(OR(AND(I29="TP",Q29<=150), AND(I29="TDP", Q29<=150)),MAX(Q29,AG29:AI29,AK29)*M29,IF(OR(AND(I29="TP",Q29<=300), AND(I29="TDP", Q29<=300)),MAX(Q29,AH29,AI29,AK29)*M29,IF(OR(AND(I29="TP",Q29<=500), AND(I29="TDP", Q29<=500)),MAX(Q29,AI29,AK29)*M29,""))))))) -> 1.12 | T29: Conc = 0.169 * Area^2 + 60.8 * Area + 0.00 | U29: =IF(OR(H29="CHK",H29="ATP",H29="GUP",H29="PER", H29="NIC", H29="UREA"),(S29/V29*100),IF(H29="DUP",((ABS(S29-S28))/((S28+S29)/2))*100,IF(H29="SPK",((S29-S28)/V29*100),IF(OR(H29="LAB",H29="FLD",H29="ESF"),S29,"")))) | V29: =IF(H29="CHK",VLOOKUP(I29,QCCHK,3,),IF(H29="GUP",VLOOKUP(E29,QCGUP,2,),IF(AND(H29="ATP",OR(I29="TN",I29="TDN",I29="TNO2-3",I29="NO2-3")),VLOOKUP(E29,QCREC_N,2,),IF(AND(H29="NIC",OR(I29="TN",I29="TDN",I29="TNO2-3",I29="NO2-3")),VLOOKUP(E29,QCNIC_N,2,),IF(AND(H29="UREA",OR(I29="TN",I29="TDN",I29="TNO2-3",I29="NO2-3")),VLOOKUP(E29,QCUREA_N,2,),IF(H29="PER",VLOOKUP(I29,QCPER,MATCH(E29,QCACTUAL!$J$25:$AA$25,0),),IF(H29="SPK",VLOOKUP(I29,QCSPK,3,),IF(AND(H29="ATP",OR(I29="TP",I29="TDP")),VLOOKUP(E29,QCATP_P,2,),"")))))))) | W29: =IF(AND(OR(H29="PER",H29="ATP",H29="GUP",H29="CHK",H29="SPK", H29="NIC"),OR(U29>125,U29<75)),"FALSE",IF(AND(H29="DUP",OR(U29>25, U29<-25)),"FALSE",IF(AND(OR(H29="LAB",H29="FLD",H29="ESF"),U29>15),"FALSE","TRUE"))) -> TRUE | X29: =IF(ISNA(VLOOKUP(H29,QCEQUATIONS,2,)),"",(VLOOKUP(H29,QCEQUATIONS,2,))) | Y29: OM_1-30-2025_10-50-49AMadj-adj (8500).OMN | AL29: =IF($O29="", "", IF(AQ29<>"", SUBSTITUTE(SUBSTITUTE(AQ29, "x", "*"&$O29&"^", 1), "x", "*"&$O29, 1), "")) -> FALSE | AM29: =IF($O29="", "", IF(AR29<>"", SUBSTITUTE(SUBSTITUTE(AR29, "x", "*"&$O29&"^", 1), "x", "*"&$O29, 1), "")) -> FALSE | AN29: =IF($O29="", "", IF(AS29<>"", SUBSTITUTE(SUBSTITUTE(AS29, "x", "*"&$O29&"^", 1), "x", "*"&$O29, 1), "")) -> FALSE | AO29: =IF($O29="", "FALSE", IF(AT29<>"FALSE", SUBSTITUTE(SUBSTITUTE(AT29, "x", "*"&$O29&"^", 1), "x", "*"&$O29, 1), "")) -> FALSE | AP29: =IF($O29="", "FALSE", IF(AU29<>"FALSE", SUBSTITUTE(SUBSTITUTE(AU29, "x", "*"&$O29&"^", 1), "x", "*"&$O29, 1), "")) -> FALSE | AQ29: =IF(AND(I29="TP",S29<=150),VLOOKUP(AF29,TPCalibEq150!$AZ$2:$BB$166,3,),IF(AND(I29="TDP",S29<=150),VLOOKUP(AF29,TPCalibEq150!$AZ$2:$BB$166,3,))) -> FALSE | AR29: =IF(AND(I29="TP",S29<=300),VLOOKUP(AF29,TPCalibEq300!$AZ$2:$BB$166,3,),IF(AND(I29="TDP",S29<=300),VLOOKUP(AF29,TPCalibEq300!$AZ$2:$BB$166,3,))) -> FALSE | AS29: =IF(AND(I29="TP",S29<=500),VLOOKUP(AF29,TPCalibEq500!$AZ$2:$BB$165,3,),IF(AND(I29="TDP",S29<=500),VLOOKUP(AF29,TPCalibEq500!$AZ$2:$BB$165,3,))) -> FALSE | AT29: =IF(AND(I29="TN",S29<=2800),VLOOKUP(AF29,TNCalibEq2500!$AZ$2:$BB$165,3,),IF(AND(I29="TDN",S29<=2800),VLOOKUP(AF29,TNCalibEq2500!$AZ$2:$BB$165,3,))) -> FALSE | AU29: =IF(I29="TP",VLOOKUP(AF29,TPCalibEqFull!$AZ$2:$BB$165,3),IF(I29="TDP",VLOOKUP(AF29,TPCalibEqFull!$AZ$2:$BB$165,3),IF(I29="TDN",VLOOKUP(AF29,TNCalibEqFull!$AZ$2:$BB$164,3),IF(I29="TN",VLOOKUP(AF29,TNCalibEqFull!$AZ$2:$BB$164,3),FALSE)))) -> FALSE | AV29: =TEXT(A29, "YYYYMMDD")&" "&TEXT(B29, "HH:MM:SS")&"-"&C29&"-"&D29&"-"&E29&"-"&F29&"-"&G29&"-"&H29 -> 20240810 00:00:00-1000-17-Dp-1-SW-UKN
A30: 45514 | B30: 0 | C30: 1000 | D30: 18 | E30: Sh | F30: 1 | G30: DI | H30: BLK | I30: TNH4 | J30: 27 | K30: 45687 | L30: 0.50424769 | M30: 1 | N30: N-1.1 | O30: 0.111 | P30: 0.00936 | Q30: 6.72 | R30: ug-N/L | S30: =IF(OR(AND(I30<>"TP", I30<>"TDP",I30<>"TN", I30<>"TDN"),H30="CAL"), Q30*M30, IF(OR(AND(I30="TN", Q30>2500), AND(I30="TDN", Q30>2500)),MAX(Q30, AK30)*M30, IF(OR(AND(I30="TN", Q30<=2500), AND(I30="TDN", Q30<=2500)),MAX(Q30, AJ30,AK30)*M30, IF(OR(AND(I30="TP",Q30>500), AND(I30="TDP", Q30>500)),MAX(Q30,AK30)*M30,IF(OR(AND(I30="TP",Q30<=150), AND(I30="TDP", Q30<=150)),MAX(Q30,AG30:AI30,AK30)*M30,IF(OR(AND(I30="TP",Q30<=300), AND(I30="TDP", Q30<=300)),MAX(Q30,AH30,AI30,AK30)*M30,IF(OR(AND(I30="TP",Q30<=500), AND(I30="TDP", Q30<=500)),MAX(Q30,AI30,AK30)*M30,""))))))) -> 6.72 | T30: Conc = 0.169 * Area^2 + 60.8 * Area + 0.00 | U30: =IF(OR(H30="CHK",H30="ATP",H30="GUP",H30="PER", H30="NIC", H30="UREA"),(S30/V30*100),IF(H30="DUP",((ABS(S30-S29))/((S29+S30)/2))*100,IF(H30="SPK",((S30-S29)/V30*100),IF(OR(H30="LAB",H30="FLD",H30="ESF"),S30,"")))) | V30: =IF(H30="CHK",VLOOKUP(I30,QCCHK,3,),IF(H30="GUP",VLOOKUP(E30,QCGUP,2,),IF(AND(H30="ATP",OR(I30="TN",I30="TDN",I30="TNO2-3",I30="NO2-3")),VLOOKUP(E30,QCREC_N,2,),IF(AND(H30="NIC",OR(I30="TN",I30="TDN",I30="TNO2-3",I30="NO2-3")),VLOOKUP(E30,QCNIC_N,2,),IF(AND(H30="UREA",OR(I30="TN",I30="TDN",I30="TNO2-3",I30="NO2-3")),VLOOKUP(E30,QCUREA_N,2,),IF(H30="PER",VLOOKUP(I30,QCPER,MATCH(E30,QCACTUAL!$J$25:$AA$25,0),),IF(H30="SPK",VLOOKUP(I30,QCSPK,3,),IF(AND(H30="ATP",OR(I30="TP",I30="TDP")),VLOOKUP(E30,QCATP_P,2,),"")))))))) | W30: =IF(AND(OR(H30="PER",H30="ATP",H30="GUP",H30="CHK",H30="SPK", H30="NIC"),OR(U30>125,U30<75)),"FALSE",IF(AND(H30="DUP",OR(U30>25, U30<-25)),"FALSE",IF(AND(OR(H30="LAB",H30="FLD",H30="ESF"),U30>15),"FALSE","TRUE"))) -> TRUE | X30: =IF(ISNA(VLOOKUP(H30,QCEQUATIONS,2,)),"",(VLOOKUP(H30,QCEQUATIONS,2,))) | Y30: OM_1-30-2025_10-50-49AMadj-adj (8500).OMN | AL30: =IF($O30="", "", IF(AQ30<>"", SUBSTITUTE(SUBSTITUTE(AQ30, "x", "*"&$O30&"^", 1), "x", "*"&$O30, 1), "")) -> FALSE | AM30: =IF($O30="", "", IF(AR30<>"", SUBSTITUTE(SUBSTITUTE(AR30, "x", "*"&$O30&"^", 1), "x", "*"&$O30, 1), "")) -> FALSE | AN30: =IF($O30="", "", IF(AS30<>"", SUBSTITUTE(SUBSTITUTE(AS30, "x", "*"&$O30&"^", 1), "x", "*"&$O30, 1), "")) -> FALSE | AO30: =IF($O30="", "FALSE", IF(AT30<>"FALSE", SUBSTITUTE(SUBSTITUTE(AT30, "x", "*"&$O30&"^", 1), "x", "*"&$O30, 1), "")) -> FALSE | AP30: =IF($O30="", "FALSE", IF(AU30<>"FALSE", SUBSTITUTE(SUBSTITUTE(AU30, "x", "*"&$O30&"^", 1), "x", "*"&$O30, 1), "")) -> FALSE | AQ30: =IF(AND(I30="TP",S30<=150),VLOOKUP(AF30,TPCalibEq150!$AZ$2:$BB$166,3,),IF(AND(I30="TDP",S30<=150),VLOOKUP(AF30,TPCalibEq150!$AZ$2:$BB$166,3,))) -> FALSE | AR30: =IF(AND(I30="TP",S30<=300),VLOOKUP(AF30,TPCalibEq300!$AZ$2:$BB$166,3,),IF(AND(I30="TDP",S30<=300),VLOOKUP(AF30,TPCalibEq300!$AZ$2:$BB$166,3,))) -> FALSE | AS30: =IF(AND(I30="TP",S30<=500),VLOOKUP(AF30,TPCalibEq500!$AZ$2:$BB$165,3,),IF(AND(I30="TDP",S30<=500),VLOOKUP(AF30,TPCalibEq500!$AZ$2:$BB$165,3,))) -> FALSE | AT30: =IF(AND(I30="TN",S30<=2800),VLOOKUP(AF30,TNCalibEq2500!$AZ$2:$BB$165,3,),IF(AND(I30="TDN",S30<=2800),VLOOKUP(AF30,TNCalibEq2500!$AZ$2:$BB$165,3,))) -> FALSE | AU30: =IF(I30="TP",VLOOKUP(AF30,TPCalibEqFull!$AZ$2:$BB$165,3),IF(I30="TDP",VLOOKUP(AF30,TPCalibEqFull!$AZ$2:$BB$165,3),IF(I30="TDN",VLOOKUP(AF30,TNCalibEqFull!$AZ$2:$BB$164,3),IF(I30="TN",VLOOKUP(AF30,TNCalibEqFull!$AZ$2:$BB$164,3),FALSE)))) -> FALSE | AV30: =TEXT(A30, "YYYYMMDD")&" "&TEXT(B30, "HH:MM:SS")&"-"&C30&"-"&D30&"-"&E30&"-"&F30&"-"&G30&"-"&H30 -> 20240810 00:00:00-1000-18-Sh-1-DI-BLK
A31: 45514 | B31: 0 | C31: 1000 | D31: 18 | E31: Sh | F31: 1 | G31: SW | H31: UKN | I31: TNH4 | J31: 28 | K31: 45687 | L31: 0.5050463 | M31: 1 | N31: N-1.1 | O31: 0.0293 | P31: 0.00223 | Q31: 1.78 | R31: ug-N/L | S31: =IF(OR(AND(I31<>"TP", I31<>"TDP",I31<>"TN", I31<>"TDN"),H31="CAL"), Q31*M31, IF(OR(AND(I31="TN", Q31>2500), AND(I31="TDN", Q31>2500)),MAX(Q31, AK31)*M31, IF(OR(AND(I31="TN", Q31<=2500), AND(I31="TDN", Q31<=2500)),MAX(Q31, AJ31,AK31)*M31, IF(OR(AND(I31="TP",Q31>500), AND(I31="TDP", Q31>500)),MAX(Q31,AK31)*M31,IF(OR(AND(I31="TP",Q31<=150), AND(I31="TDP", Q31<=150)),MAX(Q31,AG31:AI31,AK31)*M31,IF(OR(AND(I31="TP",Q31<=300), AND(I31="TDP", Q31<=300)),MAX(Q31,AH31,AI31,AK31)*M31,IF(OR(AND(I31="TP",Q31<=500), AND(I31="TDP", Q31<=500)),MAX(Q31,AI31,AK31)*M31,""))))))) -> 1.78 | T31: Conc = 0.169 * Area^2 + 60.8 * Area + 0.00 | U31: =IF(OR(H31="CHK",H31="ATP",H31="GUP",H31="PER", H31="NIC", H31="UREA"),(S31/V31*100),IF(H31="DUP",((ABS(S31-S30))/((S30+S31)/2))*100,IF(H31="SPK",((S31-S30)/V31*100),IF(OR(H31="LAB",H31="FLD",H31="ESF"),S31,"")))) | V31: =IF(H31="CHK",VLOOKUP(I31,QCCHK,3,),IF(H31="GUP",VLOOKUP(E31,QCGUP,2,),IF(AND(H31="ATP",OR(I31="TN",I31="TDN",I31="TNO2-3",I31="NO2-3")),VLOOKUP(E31,QCREC_N,2,),IF(AND(H31="NIC",OR(I31="TN",I31="TDN",I31="TNO2-3",I31="NO2-3")),VLOOKUP(E31,QCNIC_N,2,),IF(AND(H31="UREA",OR(I31="TN",I31="TDN",I31="TNO2-3",I31="NO2-3")),VLOOKUP(E31,QCUREA_N,2,),IF(H31="PER",VLOOKUP(I31,QCPER,MATCH(E31,QCACTUAL!$J$25:$AA$25,0),),IF(H31="SPK",VLOOKUP(I31,QCSPK,3,),IF(AND(H31="ATP",OR(I31="TP",I31="TDP")),VLOOKUP(E31,QCATP_P,2,),"")))))))) | W31: =IF(AND(OR(H31="PER",H31="ATP",H31="GUP",H31="CHK",H31="SPK", H31="NIC"),OR(U31>125,U31<75)),"FALSE",IF(AND(H31="DUP",OR(U31>25, U31<-25)),"FALSE",IF(AND(OR(H31="LAB",H31="FLD",H31="ESF"),U31>15),"FALSE","TRUE"))) -> TRUE | X31: =IF(ISNA(VLOOKUP(H31,QCEQUATIONS,2,)),"",(VLOOKUP(H31,QCEQUATIONS,2,))) | Y31: OM_1-30-2025_10-50-49AMadj-adj (8500).OMN | AL31: =IF($O31="", "", IF(AQ31<>"", SUBSTITUTE(SUBSTITUTE(AQ31, "x", "*"&$O31&"^", 1), "x", "*"&$O31, 1), "")) -> FALSE | AM31: =IF($O31="", "", IF(AR31<>"", SUBSTITUTE(SUBSTITUTE(AR31, "x", "*"&$O31&"^", 1), "x", "*"&$O31, 1), "")) -> FALSE | AN31: =IF($O31="", "", IF(AS31<>"", SUBSTITUTE(SUBSTITUTE(AS31, "x", "*"&$O31&"^", 1), "x", "*"&$O31, 1), "")) -> FALSE | AO31: =IF($O31="", "FALSE", IF(AT31<>"FALSE", SUBSTITUTE(SUBSTITUTE(AT31, "x", "*"&$O31&"^", 1), "x", "*"&$O31, 1), "")) -> FALSE | AP31: =IF($O31="", "FALSE", IF(AU31<>"FALSE", SUBSTITUTE(SUBSTITUTE(AU31, "x", "*"&$O31&"^", 1), "x", "*"&$O31, 1), "")) -> FALSE | AQ31: =IF(AND(I31="TP",S31<=150),VLOOKUP(AF31,TPCalibEq150!$AZ$2:$BB$166,3,),IF(AND(I31="TDP",S31<=150),VLOOKUP(AF31,TPCalibEq150!$AZ$2:$BB$166,3,))) -> FALSE | AR31: =IF(AND(I31="TP",S31<=300),VLOOKUP(AF31,TPCalibEq300!$AZ$2:$BB$166,3,),IF(AND(I31="TDP",S31<=300),VLOOKUP(AF31,TPCalibEq300!$AZ$2:$BB$166,3,))) -> FALSE | AS31: =IF(AND(I31="TP",S31<=500),VLOOKUP(AF31,TPCalibEq500!$AZ$2:$BB$165,3,),IF(AND(I31="TDP",S31<=500),VLOOKUP(AF31,TPCalibEq500!$AZ$2:$BB$165,3,))) -> FALSE | AT31: =IF(AND(I31="TN",S31<=2800),VLOOKUP(AF31,TNCalibEq2500!$AZ$2:$BB$165,3,),IF(AND(I31="TDN",S31<=2800),VLOOKUP(AF31,TNCalibEq2500!$AZ$2:$BB$165,3,))) -> FALSE | AU31: =IF(I31="TP",VLOOKUP(AF31,TPCalibEqFull!$AZ$2:$BB$165,3),IF(I31="TDP",VLOOKUP(AF31,TPCalibEqFull!$AZ$2:$BB$165,3),IF(I31="TDN",VLOOKUP(AF31,TNCalibEqFull!$AZ$2:$BB$164,3),IF(I31="TN",VLOOKUP(AF31,TNCalibEqFull!$AZ$2:$BB$164,3),FALSE)))) -> FALSE | AV31: =TEXT(A31, "YYYYMMDD")&" "&TEXT(B31, "HH:MM:SS")&"-"&C31&"-"&D31&"-"&E31&"-"&F31&"-"&G31&"-"&H31 -> 20240810 00:00:00-1000-18-Sh-1-SW-UKN
A32: 45514 | B32: 0 | C32: 1000 | D32: 18 | E32: Sh | F32: 2 | G32: SW | H32: UKN | I32: TNH4 | J32: 29 | K32: 45687 | L32: 0.50587963 | M32: 1 | N32: N-1.1 | O32: 1.14 | P32: 0.156 | Q32: 69.4 | R32: ug-N/L | S32: =IF(OR(AND(I32<>"TP", I32<>"TDP",I32<>"TN", I32<>"TDN"),H32="CAL"), Q32*M32, IF(OR(AND(I32="TN", Q32>2500), AND(I32="TDN", Q32>2500)),MAX(Q32, AK32)*M32, IF(OR(AND(I32="TN", Q32<=2500), AND(I32="TDN", Q32<=2500)),MAX(Q32, AJ32,AK32)*M32, IF(OR(AND(I32="TP",Q32>500), AND(I32="TDP", Q32>500)),MAX(Q32,AK32)*M32,IF(OR(AND(I32="TP",Q32<=150), AND(I32="TDP", Q32<=150)),MAX(Q32,AG32:AI32,AK32)*M32,IF(OR(AND(I32="TP",Q32<=300), AND(I32="TDP", Q32<=300)),MAX(Q32,AH32,AI32,AK32)*M32,IF(OR(AND(I32="TP",Q32<=500), AND(I32="TDP", Q32<=500)),MAX(Q32,AI32,AK32)*M32,""))))))) -> 69.4 | T32: Conc = 0.169 * Area^2 + 60.8 * Area + 0.00 | U32: =IF(OR(H32="CHK",H32="ATP",H32="GUP",H32="PER", H32="NIC", H32="UREA"),(S32/V32*100),IF(H32="DUP",((ABS(S32-S31))/((S31+S32)/2))*100,IF(H32="SPK",((S32-S31)/V32*100),IF(OR(H32="LAB",H32="FLD",H32="ESF"),S32,"")))) | V32: =IF(H32="CHK",VLOOKUP(I32,QCCHK,3,),IF(H32="GUP",VLOOKUP(E32,QCGUP,2,),IF(AND(H32="ATP",OR(I32="TN",I32="TDN",I32="TNO2-3",I32="NO2-3")),VLOOKUP(E32,QCREC_N,2,),IF(AND(H32="NIC",OR(I32="TN",I32="TDN",I32="TNO2-3",I32="NO2-3")),VLOOKUP(E32,QCNIC_N,2,),IF(AND(H32="UREA",OR(I32="TN",I32="TDN",I32="TNO2-3",I32="NO2-3")),VLOOKUP(E32,QCUREA_N,2,),IF(H32="PER",VLOOKUP(I32,QCPER,MATCH(E32,QCACTUAL!$J$25:$AA$25,0),),IF(H32="SPK",VLOOKUP(I32,QCSPK,3,),IF(AND(H32="ATP",OR(I32="TP",I32="TDP")),VLOOKUP(E32,QCATP_P,2,),"")))))))) | W32: =IF(AND(OR(H32="PER",H32="ATP",H32="GUP",H32="CHK",H32="SPK", H32="NIC"),OR(U32>125,U32<75)),"FALSE",IF(AND(H32="DUP",OR(U32>25, U32<-25)),"FALSE",IF(AND(OR(H32="LAB",H32="FLD",H32="ESF"),U32>15),"FALSE","TRUE"))) -> TRUE | X32: =IF(ISNA(VLOOKUP(H32,QCEQUATIONS,2,)),"",(VLOOKUP(H32,QCEQUATIONS,2,))) | Y32: OM_1-30-2025_10-50-49AMadj-adj (8500).OMN | AL32: =IF($O32="", "", IF(AQ32<>"", SUBSTITUTE(SUBSTITUTE(AQ32, "x", "*"&$O32&"^", 1), "x", "*"&$O32, 1), "")) -> FALSE | AM32: =IF($O32="", "", IF(AR32<>"", SUBSTITUTE(SUBSTITUTE(AR32, "x", "*"&$O32&"^", 1), "x", "*"&$O32, 1), "")) -> FALSE | AN32: =IF($O32="", "", IF(AS32<>"", SUBSTITUTE(SUBSTITUTE(AS32, "x", "*"&$O32&"^", 1), "x", "*"&$O32, 1), "")) -> FALSE | AO32: =IF($O32="", "FALSE", IF(AT32<>"FALSE", SUBSTITUTE(SUBSTITUTE(AT32, "x", "*"&$O32&"^", 1), "x", "*"&$O32, 1), "")) -> FALSE | AP32: =IF($O32="", "FALSE", IF(AU32<>"FALSE", SUBSTITUTE(SUBSTITUTE(AU32, "x", "*"&$O32&"^", 1), "x", "*"&$O32, 1), "")) -> FALSE | AQ32: =IF(AND(I32="TP",S32<=150),VLOOKUP(AF32,TPCalibEq150!$AZ$2:$BB$166,3,),IF(AND(I32="TDP",S32<=150),VLOOKUP(AF32,TPCalibEq150!$AZ$2:$BB$166,3,))) -> FALSE | AR32: =IF(AND(I32="TP",S32<=300),VLOOKUP(AF32,TPCalibEq300!$AZ$2:$BB$166,3,),IF(AND(I32="TDP",S32<=300),VLOOKUP(AF32,TPCalibEq300!$AZ$2:$BB$166,3,))) -> FALSE | AS32: =IF(AND(I32="TP",S32<=500),VLOOKUP(AF32,TPCalibEq500!$AZ$2:$BB$165,3,),IF(AND(I32="TDP",S32<=500),VLOOKUP(AF32,TPCalibEq500!$AZ$2:$BB$165,3,))) -> FALSE | AT32: =IF(AND(I32="TN",S32<=2800),VLOOKUP(AF32,TNCalibEq2500!$AZ$2:$BB$165,3,),IF(AND(I32="TDN",S32<=2800),VLOOKUP(AF32,TNCalibEq2500!$AZ$2:$BB$165,3,))) -> FALSE | AU32: =IF(I32="TP",VLOOKUP(AF32,TPCalibEqFull!$AZ$2:$BB$165,3),IF(I32="TDP",VLOOKUP(AF32,TPCalibEqFull!$AZ$2:$BB$165,3),IF(I32="TDN",VLOOKUP(AF32,TNCalibEqFull!$AZ$2:$BB$164,3),IF(I32="TN",VLOOKUP(AF32,TNCalibEqFull!$AZ$2:$BB$164,3),FALSE)))) -> FALSE | AV32: =TEXT(A32, "YYYYMMDD")&" "&TEXT(B32, "HH:MM:SS")&"-"&C32&"-"&D32&"-"&E32&"-"&F32&"-"&G32&"-"&H32 -> 20240810 00:00:00-1000-18-Sh-2-SW-UKN
A33: 45514 | B33: 0 | C33: 1000 | D33: 18 | E33: Dp | F33: 1 | G33: SW | H33: UKN | I33: TNH4 | J33: 30 | K33: 45687 | L33: 0.50667824 | M33: 1 | N33: N-1.1 | O33: 0.516 | P33: 0.0612 | Q33: 31.4 | R33: ug-N/L | S33: =IF(OR(AND(I33<>"TP", I33<>"TDP",I33<>"TN", I33<>"TDN"),H33="CAL"), Q33*M33, IF(OR(AND(I33="TN", Q33>2500), AND(I33="TDN", Q33>2500)),MAX(Q33, AK33)*M33, IF(OR(AND(I33="TN", Q33<=2500), AND(I33="TDN", Q33<=2500)),MAX(Q33, AJ33,AK33)*M33, IF(OR(AND(I33="TP",Q33>500), AND(I33="TDP", Q33>500)),MAX(Q33,AK33)*M33,IF(OR(AND(I33="TP",Q33<=150), AND(I33="TDP", Q33<=150)),MAX(Q33,AG33:AI33,AK33)*M33,IF(OR(AND(I33="TP",Q33<=300), AND(I33="TDP", Q33<=300)),MAX(Q33,AH33,AI33,AK33)*M33,IF(OR(AND(I33="TP",Q33<=500), AND(I33="TDP", Q33<=500)),MAX(Q33,AI33,AK33)*M33,""))))))) -> 31.4 | T33: Conc = 0.169 * Area^2 + 60.8 * Area + 0.00 | U33: =IF(OR(H33="CHK",H33="ATP",H33="GUP",H33="PER", H33="NIC", H33="UREA"),(S33/V33*100),IF(H33="DUP",((ABS(S33-S32))/((S32+S33)/2))*100,IF(H33="SPK",((S33-S32)/V33*100),IF(OR(H33="LAB",H33="FLD",H33="ESF"),S33,"")))) | V33: =IF(H33="CHK",VLOOKUP(I33,QCCHK,3,),IF(H33="GUP",VLOOKUP(E33,QCGUP,2,),IF(AND(H33="ATP",OR(I33="TN",I33="TDN",I33="TNO2-3",I33="NO2-3")),VLOOKUP(E33,QCREC_N,2,),IF(AND(H33="NIC",OR(I33="TN",I33="TDN",I33="TNO2-3",I33="NO2-3")),VLOOKUP(E33,QCNIC_N,2,),IF(AND(H33="UREA",OR(I33="TN",I33="TDN",I33="TNO2-3",I33="NO2-3")),VLOOKUP(E33,QCUREA_N,2,),IF(H33="PER",VLOOKUP(I33,QCPER,MATCH(E33,QCACTUAL!$J$25:$AA$25,0),),IF(H33="SPK",VLOOKUP(I33,QCSPK,3,),IF(AND(H33="ATP",OR(I33="TP",I33="TDP")),VLOOKUP(E33,QCATP_P,2,),"")))))))) | W33: =IF(AND(OR(H33="PER",H33="ATP",H33="GUP",H33="CHK",H33="SPK", H33="NIC"),OR(U33>125,U33<75)),"FALSE",IF(AND(H33="DUP",OR(U33>25, U33<-25)),"FALSE",IF(AND(OR(H33="LAB",H33="FLD",H33="ESF"),U33>15),"FALSE","TRUE"))) -> TRUE | X33: =IF(ISNA(VLOOKUP(H33,QCEQUATIONS,2,)),"",(VLOOKUP(H33,QCEQUATIONS,2,))) | Y33: OM_1-30-2025_10-50-49AMadj-adj (8500).OMN | AL33: =IF($O33="", "", IF(AQ33<>"", SUBSTITUTE(SUBSTITUTE(AQ33, "x", "*"&$O33&"^", 1), "x", "*"&$O33, 1), "")) -> FALSE | AM33: =IF($O33="", "", IF(AR33<>"", SUBSTITUTE(SUBSTITUTE(AR33, "x", "*"&$O33&"^", 1), "x", "*"&$O33, 1), "")) -> FALSE | AN33: =IF($O33="", "", IF(AS33<>"", SUBSTITUTE(SUBSTITUTE(AS33, "x", "*"&$O33&"^", 1), "x", "*"&$O33, 1), "")) -> FALSE | AO33: =IF($O33="", "FALSE", IF(AT33<>"FALSE", SUBSTITUTE(SUBSTITUTE(AT33, "x", "*"&$O33&"^", 1), "x", "*"&$O33, 1), "")) -> FALSE | AP33: =IF($O33="", "FALSE", IF(AU33<>"FALSE", SUBSTITUTE(SUBSTITUTE(AU33, "x", "*"&$O33&"^", 1), "x", "*"&$O33, 1), "")) -> FALSE | AQ33: =IF(AND(I33="TP",S33<=150),VLOOKUP(AF33,TPCalibEq150!$AZ$2:$BB$166,3,),IF(AND(I33="TDP",S33<=150),VLOOKUP(AF33,TPCalibEq150!$AZ$2:$BB$166,3,))) -> FALSE | AR33: =IF(AND(I33="TP",S33<=300),VLOOKUP(AF33,TPCalibEq300!$AZ$2:$BB$166,3,),IF(AND(I33="TDP",S33<=300),VLOOKUP(AF33,TPCalibEq300!$AZ$2:$BB$166,3,))) -> FALSE | AS33: =IF(AND(I33="TP",S33<=500),VLOOKUP(AF33,TPCalibEq500!$AZ$2:$BB$165,3,),IF(AND(I33="TDP",S33<=500),VLOOKUP(AF33,TPCalibEq500!$AZ$2:$BB$165,3,))) -> FALSE | AT33: =IF(AND(I33="TN",S33<=2800),VLOOKUP(AF33,TNCalibEq2500!$AZ$2:$BB$165,3,),IF(AND(I33="TDN",S33<=2800),VLOOKUP(AF33,TNCalibEq2500!$AZ$2:$BB$165,3,))) -> FALSE | AU33: =IF(I33="TP",VLOOKUP(AF33,TPCalibEqFull!$AZ$2:$BB$165,3),IF(I33="TDP",VLOOKUP(AF33,TPCalibEqFull!$AZ$2:$BB$165,3),IF(I33="TDN",VLOOKUP(AF33,TNCalibEqFull!$AZ$2:$BB$164,3),IF(I33="TN",VLOOKUP(AF33,TNCalibEqFull!$AZ$2:$BB$164,3),FALSE)))) -> FALSE | AV33: =TEXT(A33, "YYYYMMDD")&" "&TEXT(B33, "HH:MM:SS")&"-"&C33&"-"&D33&"-"&E33&"-"&F33&"-"&G33&"-"&H33 -> 20240810 00:00:00-1000-18-Dp-1-SW-UKN
A34: 45514 | B34: 0 | C34: 1000 | D34: 26 | E34: Sh | F34: 1 | G34: DI | H34: BLK | I34: TNH4 | J34: 31 | K34: 45687 | L34: 0.5075 | M34: 1 | N34: N-1.1 | O34: 0.099 | P34: 0.00881 | Q34: 6.02 | R34: ug-N/L | S34: =IF(OR(AND(I34<>"TP", I34<>"TDP",I34<>"TN", I34<>"TDN"),H34="CAL"), Q34*M34, IF(OR(AND(I34="TN", Q34>2500), AND(I34="TDN", Q34>2500)),MAX(Q34, AK34)*M34, IF(OR(AND(I34="TN", Q34<=2500), AND(I34="TDN", Q34<=2500)),MAX(Q34, AJ34,AK34)*M34, IF(OR(AND(I34="TP",Q34>500), AND(I34="TDP", Q34>500)),MAX(Q34,AK34)*M34,IF(OR(AND(I34="TP",Q34<=150), AND(I34="TDP", Q34<=150)),MAX(Q34,AG34:AI34,AK34)*M34,IF(OR(AND(I34="TP",Q34<=300), AND(I34="TDP", Q34<=300)),MAX(Q34,AH34,AI34,AK34)*M34,IF(OR(AND(I34="TP",Q34<=500), AND(I34="TDP", Q34<=500)),MAX(Q34,AI34,AK34)*M34,""))))))) -> 6.02 | T34: Conc = 0.169 * Area^2 + 60.8 * Area + 0.00 | U34: =IF(OR(H34="CHK",H34="ATP",H34="GUP",H34="PER", H34="NIC", H34="UREA"),(S34/V34*100),IF(H34="DUP",((ABS(S34-S33))/((S33+S34)/2))*100,IF(H34="SPK",((S34-S33)/V34*100),IF(OR(H34="LAB",H34="FLD",H34="ESF"),S34,"")))) | V34: =IF(H34="CHK",VLOOKUP(I34,QCCHK,3,),IF(H34="GUP",VLOOKUP(E34,QCGUP,2,),IF(AND(H34="ATP",OR(I34="TN",I34="TDN",I34="TNO2-3",I34="NO2-3")),VLOOKUP(E34,QCREC_N,2,),IF(AND(H34="NIC",OR(I34="TN",I34="TDN",I34="TNO2-3",I34="NO2-3")),VLOOKUP(E34,QCNIC_N,2,),IF(AND(H34="UREA",OR(I34="TN",I34="TDN",I34="TNO2-3",I34="NO2-3")),VLOOKUP(E34,QCUREA_N,2,),IF(H34="PER",VLOOKUP(I34,QCPER,MATCH(E34,QCACTUAL!$J$25:$AA$25,0),),IF(H34="SPK",VLOOKUP(I34,QCSPK,3,),IF(AND(H34="ATP",OR(I34="TP",I34="TDP")),VLOOKUP(E34,QCATP_P,2,),"")))))))) | W34: =IF(AND(OR(H34="PER",H34="ATP",H34="GUP",H34="CHK",H34="SPK", H34="NIC"),OR(U34>125,U34<75)),"FALSE",IF(AND(H34="DUP",OR(U34>25, U34<-25)),"FALSE",IF(AND(OR(H34="LAB",H34="FLD",H34="ESF"),U34>15),"FALSE","TRUE"))) -> TRUE | X34: =IF(ISNA(VLOOKUP(H34,QCEQUATIONS,2,)),"",(VLOOKUP(H34,QCEQUATIONS,2,))) | Y34: OM_1-30-2025_10-50-49AMadj-adj (8500).OMN | AL34: =IF($O34="", "", IF(AQ34<>"", SUBSTITUTE(SUBSTITUTE(AQ34, "x", "*"&$O34&"^", 1), "x", "*"&$O34, 1), "")) -> FALSE | AM34: =IF($O34="", "", IF(AR34<>"", SUBSTITUTE(SUBSTITUTE(AR34, "x", "*"&$O34&"^", 1), "x", "*"&$O34, 1), "")) -> FALSE | AN34: =IF($O34="", "", IF(AS34<>"", SUBSTITUTE(SUBSTITUTE(AS34, "x", "*"&$O34&"^", 1), "x", "*"&$O34, 1), "")) -> FALSE | AO34: =IF($O34="", "FALSE", IF(AT34<>"FALSE", SUBSTITUTE(SUBSTITUTE(AT34, "x", "*"&$O34&"^", 1), "x", "*"&$O34, 1), "")) -> FALSE | AP34: =IF($O34="", "FALSE", IF(AU34<>"FALSE", SUBSTITUTE(SUBSTITUTE(AU34, "x", "*"&$O34&"^", 1), "x", "*"&$O34, 1), "")) -> FALSE | AQ34: =IF(AND(I34="TP",S34<=150),VLOOKUP(AF34,TPCalibEq150!$AZ$2:$BB$166,3,),IF(AND(I34="TDP",S34<=150),VLOOKUP(AF34,TPCalibEq150!$AZ$2:$BB$166,3,))) -> FALSE | AR34: =IF(AND(I34="TP",S34<=300),VLOOKUP(AF34,TPCalibEq300!$AZ$2:$BB$166,3,),IF(AND(I34="TDP",S34<=300),VLOOKUP(AF34,TPCalibEq300!$AZ$2:$BB$166,3,))) -> FALSE | AS34: =IF(AND(I34="TP",S34<=500),VLOOKUP(AF34,TPCalibEq500!$AZ$2:$BB$165,3,),IF(AND(I34="TDP",S34<=500),VLOOKUP(AF34,TPCalibEq500!$AZ$2:$BB$165,3,))) -> FALSE | AT34: =IF(AND(I34="TN",S34<=2800),VLOOKUP(AF34,TNCalibEq2500!$AZ$2:$BB$165,3,),IF(AND(I34="TDN",S34<=2800),VLOOKUP(AF34,TNCalibEq2500!$AZ$2:$BB$165,3,))) -> FALSE | AU34: =IF(I34="TP",VLOOKUP(AF34,TPCalibEqFull!$AZ$2:$BB$165,3),IF(I34="TDP",VLOOKUP(AF34,TPCalibEqFull!$AZ$2:$BB$165,3),IF(I34="TDN",VLOOKUP(AF34,TNCalibEqFull!$AZ$2:$BB$164,3),IF(I34="TN",VLOOKUP(AF34,TNCalibEqFull!$AZ$2:$BB$164,3),FALSE)))) -> FALSE | AV34: =TEXT(A34, "YYYYMMDD")&" "&TEXT(B34, "HH:MM:SS")&"-"&C34&"-"&D34&"-"&E34&"-"&F34&"-"&G34&"-"&H34 -> 20240810 00:00:00-1000-26-Sh-1-DI-BLK
A35: 45514 | B35: 0 | C35: 1000 | D35: 26 | E35: Sh | F35: 1 | G35: SW | H35: UKN | I35: TNH4 | J35: 32 | K35: 45687 | L35: 0.50831019 | M35: 1 | N35: N-1.1 | O35: 0.0334 | P35: 0.00353 | Q35: 2.03 | R35: ug-N/L | S35: =IF(OR(AND(I35<>"TP", I35<>"TDP",I35<>"TN", I35<>"TDN"),H35="CAL"), Q35*M35, IF(OR(AND(I35="TN", Q35>2500), AND(I35="TDN", Q35>2500)),MAX(Q35, AK35)*M35, IF(OR(AND(I35="TN", Q35<=2500), AND(I35="TDN", Q35<=2500)),MAX(Q35, AJ35,AK35)*M35, IF(OR(AND(I35="TP",Q35>500), AND(I35="TDP", Q35>500)),MAX(Q35,AK35)*M35,IF(OR(AND(I35="TP",Q35<=150), AND(I35="TDP", Q35<=150)),MAX(Q35,AG35:AI35,AK35)*M35,IF(OR(AND(I35="TP",Q35<=300), AND(I35="TDP", Q35<=300)),MAX(Q35,AH35,AI35,AK35)*M35,IF(OR(AND(I35="TP",Q35<=500), AND(I35="TDP", Q35<=500)),MAX(Q35,AI35,AK35)*M35,""))))))) -> 2.03 | T35: Conc = 0.169 * Area^2 + 60.8 * Area + 0.00 | U35: =IF(OR(H35="CHK",H35="ATP",H35="GUP",H35="PER", H35="NIC", H35="UREA"),(S35/V35*100),IF(H35="DUP",((ABS(S35-S34))/((S34+S35)/2))*100,IF(H35="SPK",((S35-S34)/V35*100),IF(OR(H35="LAB",H35="FLD",H35="ESF"),S35,"")))) | V35: =IF(H35="CHK",VLOOKUP(I35,QCCHK,3,),IF(H35="GUP",VLOOKUP(E35,QCGUP,2,),IF(AND(H35="ATP",OR(I35="TN",I35="TDN",I35="TNO2-3",I35="NO2-3")),VLOOKUP(E35,QCREC_N,2,),IF(AND(H35="NIC",OR(I35="TN",I35="TDN",I35="TNO2-3",I35="NO2-3")),VLOOKUP(E35,QCNIC_N,2,),IF(AND(H35="UREA",OR(I35="TN",I35="TDN",I35="TNO2-3",I35="NO2-3")),VLOOKUP(E35,QCUREA_N,2,),IF(H35="PER",VLOOKUP(I35,QCPER,MATCH(E35,QCACTUAL!$J$25:$AA$25,0),),IF(H35="SPK",VLOOKUP(I35,QCSPK,3,),IF(AND(H35="ATP",OR(I35="TP",I35="TDP")),VLOOKUP(E35,QCATP_P,2,),"")))))))) | W35: =IF(AND(OR(H35="PER",H35="ATP",H35="GUP",H35="CHK",H35="SPK", H35="NIC"),OR(U35>125,U35<75)),"FALSE",IF(AND(H35="DUP",OR(U35>25, U35<-25)),"FALSE",IF(AND(OR(H35="LAB",H35="FLD",H35="ESF"),U35>15),"FALSE","TRUE"))) -> TRUE | X35: =IF(ISNA(VLOOKUP(H35,QCEQUATIONS,2,)),"",(VLOOKUP(H35,QCEQUATIONS,2,))) | Y35: OM_1-30-2025_10-50-49AMadj-adj (8500).OMN | AL35: =IF($O35="", "", IF(AQ35<>"", SUBSTITUTE(SUBSTITUTE(AQ35, "x", "*"&$O35&"^", 1), "x", "*"&$O35, 1), "")) -> FALSE | AM35: =IF($O35="", "", IF(AR35<>"", SUBSTITUTE(SUBSTITUTE(AR35, "x", "*"&$O35&"^", 1), "x", "*"&$O35, 1), "")) -> FALSE | AN35: =IF($O35="", "", IF(AS35<>"", SUBSTITUTE(SUBSTITUTE(AS35, "x", "*"&$O35&"^", 1), "x", "*"&$O35, 1), "")) -> FALSE | AO35: =IF($O35="", "FALSE", IF(AT35<>"FALSE", SUBSTITUTE(SUBSTITUTE(AT35, "x", "*"&$O35&"^", 1), "x", "*"&$O35, 1), "")) -> FALSE | AP35: =IF($O35="", "FALSE", IF(AU35<>"FALSE", SUBSTITUTE(SUBSTITUTE(AU35, "x", "*"&$O35&"^", 1), "x", "*"&$O35, 1), "")) -> FALSE | AQ35: =IF(AND(I35="TP",S35<=150),VLOOKUP(AF35,TPCalibEq150!$AZ$2:$BB$166,3,),IF(AND(I35="TDP",S35<=150),VLOOKUP(AF35,TPCalibEq150!$AZ$2:$BB$166,3,))) -> FALSE | AR35: =IF(AND(I35="TP",S35<=300),VLOOKUP(AF35,TPCalibEq300!$AZ$2:$BB$166,3,),IF(AND(I35="TDP",S35<=300),VLOOKUP(AF35,TPCalibEq300!$AZ$2:$BB$166,3,))) -> FALSE | AS35: =IF(AND(I35="TP",S35<=500),VLOOKUP(AF35,TPCalibEq500!$AZ$2:$BB$165,3,),IF(AND(I35="TDP",S35<=500),VLOOKUP(AF35,TPCalibEq500!$AZ$2:$BB$165,3,))) -> FALSE | AT35: =IF(AND(I35="TN",S35<=2800),VLOOKUP(AF35,TNCalibEq2500!$AZ$2:$BB$165,3,),IF(AND(I35="TDN",S35<=2800),VLOOKUP(AF35,TNCalibEq2500!$AZ$2:$BB$165,3,))) -> FALSE | AU35: =IF(I35="TP",VLOOKUP(AF35,TPCalibEqFull!$AZ$2:$BB$165,3),IF(I35="TDP",VLOOKUP(AF35,TPCalibEqFull!$AZ$2:$BB$165,3),IF(I35="TDN",VLOOKUP(AF35,TNCalibEqFull!$AZ$2:$BB$164,3),IF(I35="TN",VLOOKUP(AF35,TNCalibEqFull!$AZ$2:$BB$164,3),FALSE)))) -> FALSE | AV35: =TEXT(A35, "YYYYMMDD")&" "&TEXT(B35, "HH:MM:SS")&"-"&C35&"-"&D35&"-"&E35&"-"&F35&"-"&G35&"-"&H35 -> 20240810 00:00:00-1000-26-Sh-1-SW-UKN
A36: 45514 | B36: 0 | C36: 1000 | D36: 26 | E36: Sh | F36: 2 | G36: SW | H36: UKN | I36: TNH4 | J36: 33 | K36: 45687 | L36: 0.50915509 | M36: 1 | N36: N-1.1 | O36: 0.43 | P36: 0.0401 | Q36: 26.2 | R36: ug-N/L | S36: =IF(OR(AND(I36<>"TP", I36<>"TDP",I36<>"TN", I36<>"TDN"),H36="CAL"), Q36*M36, IF(OR(AND(I36="TN", Q36>2500), AND(I36="TDN", Q36>2500)),MAX(Q36, AK36)*M36, IF(OR(AND(I36="TN", Q36<=2500), AND(I36="TDN", Q36<=2500)),MAX(Q36, AJ36,AK36)*M36, IF(OR(AND(I36="TP",Q36>500), AND(I36="TDP", Q36>500)),MAX(Q36,AK36)*M36,IF(OR(AND(I36="TP",Q36<=150), AND(I36="TDP", Q36<=150)),MAX(Q36,AG36:AI36,AK36)*M36,IF(OR(AND(I36="TP",Q36<=300), AND(I36="TDP", Q36<=300)),MAX(Q36,AH36,AI36,AK36)*M36,IF(OR(AND(I36="TP",Q36<=500), AND(I36="TDP", Q36<=500)),MAX(Q36,AI36,AK36)*M36,""))))))) -> 26.2 | T36: Conc = 0.169 * Area^2 + 60.8 * Area + 0.00 | U36: =IF(OR(H36="CHK",H36="ATP",H36="GUP",H36="PER", H36="NIC", H36="UREA"),(S36/V36*100),IF(H36="DUP",((ABS(S36-S35))/((S35+S36)/2))*100,IF(H36="SPK",((S36-S35)/V36*100),IF(OR(H36="LAB",H36="FLD",H36="ESF"),S36,"")))) | V36: =IF(H36="CHK",VLOOKUP(I36,QCCHK,3,),IF(H36="GUP",VLOOKUP(E36,QCGUP,2,),IF(AND(H36="ATP",OR(I36="TN",I36="TDN",I36="TNO2-3",I36="NO2-3")),VLOOKUP(E36,QCREC_N,2,),IF(AND(H36="NIC",OR(I36="TN",I36="TDN",I36="TNO2-3",I36="NO2-3")),VLOOKUP(E36,QCNIC_N,2,),IF(AND(H36="UREA",OR(I36="TN",I36="TDN",I36="TNO2-3",I36="NO2-3")),VLOOKUP(E36,QCUREA_N,2,),IF(H36="PER",VLOOKUP(I36,QCPER,MATCH(E36,QCACTUAL!$J$25:$AA$25,0),),IF(H36="SPK",VLOOKUP(I36,QCSPK,3,),IF(AND(H36="ATP",OR(I36="TP",I36="TDP")),VLOOKUP(E36,QCATP_P,2,),"")))))))) | W36: =IF(AND(OR(H36="PER",H36="ATP",H36="GUP",H36="CHK",H36="SPK", H36="NIC"),OR(U36>125,U36<75)),"FALSE",IF(AND(H36="DUP",OR(U36>25, U36<-25)),"FALSE",IF(AND(OR(H36="LAB",H36="FLD",H36="ESF"),U36>15),"FALSE","TRUE"))) -> TRUE | X36: =IF(ISNA(VLOOKUP(H36,QCEQUATIONS,2,)),"",(VLOOKUP(H36,QCEQUATIONS,2,))) | Y36: OM_1-30-2025_10-50-49AMadj-adj (8500).OMN | AL36: =IF($O36="", "", IF(AQ36<>"", SUBSTITUTE(SUBSTITUTE(AQ36, "x", "*"&$O36&"^", 1), "x", "*"&$O36, 1), "")) -> FALSE | AM36: =IF($O36="", "", IF(AR36<>"", SUBSTITUTE(SUBSTITUTE(AR36, "x", "*"&$O36&"^", 1), "x", "*"&$O36, 1), "")) -> FALSE | AN36: =IF($O36="", "", IF(AS36<>"", SUBSTITUTE(SUBSTITUTE(AS36, "x", "*"&$O36&"^", 1), "x", "*"&$O36, 1), "")) -> FALSE | AO36: =IF($O36="", "FALSE", IF(AT36<>"FALSE", SUBSTITUTE(SUBSTITUTE(AT36, "x", "*"&$O36&"^", 1), "x", "*"&$O36, 1), "")) -> FALSE | AP36: =IF($O36="", "FALSE", IF(AU36<>"FALSE", SUBSTITUTE(SUBSTITUTE(AU36, "x", "*"&$O36&"^", 1), "x", "*"&$O36, 1), "")) -> FALSE | AQ36: =IF(AND(I36="TP",S36<=150),VLOOKUP(AF36,TPCalibEq150!$AZ$2:$BB$166,3,),IF(AND(I36="TDP",S36<=150),VLOOKUP(AF36,TPCalibEq150!$AZ$2:$BB$166,3,))) -> FALSE | AR36: =IF(AND(I36="TP",S36<=300),VLOOKUP(AF36,TPCalibEq300!$AZ$2:$BB$166,3,),IF(AND(I36="TDP",S36<=300),VLOOKUP(AF36,TPCalibEq300!$AZ$2:$BB$166,3,))) -> FALSE | AS36: =IF(AND(I36="TP",S36<=500),VLOOKUP(AF36,TPCalibEq500!$AZ$2:$BB$165,3,),IF(AND(I36="TDP",S36<=500),VLOOKUP(AF36,TPCalibEq500!$AZ$2:$BB$165,3,))) -> FALSE | AT36: =IF(AND(I36="TN",S36<=2800),VLOOKUP(AF36,TNCalibEq2500!$AZ$2:$BB$165,3,),IF(AND(I36="TDN",S36<=2800),VLOOKUP(AF36,TNCalibEq2500!$AZ$2:$BB$165,3,))) -> FALSE | AU36: =IF(I36="TP",VLOOKUP(AF36,TPCalibEqFull!$AZ$2:$BB$165,3),IF(I36="TDP",VLOOKUP(AF36,TPCalibEqFull!$AZ$2:$BB$165,3),IF(I36="TDN",VLOOKUP(AF36,TNCalibEqFull!$AZ$2:$BB$164,3),IF(I36="TN",VLOOKUP(AF36,TNCalibEqFull!$AZ$2:$BB$164,3),FALSE)))) -> FALSE | AV36: =TEXT(A36, "YYYYMMDD")&" "&TEXT(B36, "HH:MM:SS")&"-"&C36&"-"&D36&"-"&E36&"-"&F36&"-"&G36&"-"&H36 -> 20240810 00:00:00-1000-26-Sh-2-SW-UKN
A37: 45514 | B37: 0 | C37: 1000 | D37: 26 | E37: Dp | F37: 1 | G37: SW | H37: UKN | I37: TNH4 | J37: 34 | K37: 45687 | L37: 0.50996528 | M37: 1 | N37: N-1.1 | O37: 6.09 | P37: 0.581 | Q37: 377 | R37: ug-N/L | S37: =IF(OR(AND(I37<>"TP", I37<>"TDP",I37<>"TN", I37<>"TDN"),H37="CAL"), Q37*M37, IF(OR(AND(I37="TN", Q37>2500), AND(I37="TDN", Q37>2500)),MAX(Q37, AK37)*M37, IF(OR(AND(I37="TN", Q37<=2500), AND(I37="TDN", Q37<=2500)),MAX(Q37, AJ37,AK37)*M37, IF(OR(AND(I37="TP",Q37>500), AND(I37="TDP", Q37>500)),MAX(Q37,AK37)*M37,IF(OR(AND(I37="TP",Q37<=150), AND(I37="TDP", Q37<=150)),MAX(Q37,AG37:AI37,AK37)*M37,IF(OR(AND(I37="TP",Q37<=300), AND(I37="TDP", Q37<=300)),MAX(Q37,AH37,AI37,AK37)*M37,IF(OR(AND(I37="TP",Q37<=500), AND(I37="TDP", Q37<=500)),MAX(Q37,AI37,AK37)*M37,""))))))) -> 377 | T37: Conc = 0.169 * Area^2 + 60.8 * Area + 0.00 | U37: =IF(OR(H37="CHK",H37="ATP",H37="GUP",H37="PER", H37="NIC", H37="UREA"),(S37/V37*100),IF(H37="DUP",((ABS(S37-S36))/((S36+S37)/2))*100,IF(H37="SPK",((S37-S36)/V37*100),IF(OR(H37="LAB",H37="FLD",H37="ESF"),S37,"")))) | V37: =IF(H37="CHK",VLOOKUP(I37,QCCHK,3,),IF(H37="GUP",VLOOKUP(E37,QCGUP,2,),IF(AND(H37="ATP",OR(I37="TN",I37="TDN",I37="TNO2-3",I37="NO2-3")),VLOOKUP(E37,QCREC_N,2,),IF(AND(H37="NIC",OR(I37="TN",I37="TDN",I37="TNO2-3",I37="NO2-3")),VLOOKUP(E37,QCNIC_N,2,),IF(AND(H37="UREA",OR(I37="TN",I37="TDN",I37="TNO2-3",I37="NO2-3")),VLOOKUP(E37,QCUREA_N,2,),IF(H37="PER",VLOOKUP(I37,QCPER,MATCH(E37,QCACTUAL!$J$25:$AA$25,0),),IF(H37="SPK",VLOOKUP(I37,QCSPK,3,),IF(AND(H37="ATP",OR(I37="TP",I37="TDP")),VLOOKUP(E37,QCATP_P,2,),"")))))))) | W37: =IF(AND(OR(H37="PER",H37="ATP",H37="GUP",H37="CHK",H37="SPK", H37="NIC"),OR(U37>125,U37<75)),"FALSE",IF(AND(H37="DUP",OR(U37>25, U37<-25)),"FALSE",IF(AND(OR(H37="LAB",H37="FLD",H37="ESF"),U37>15),"FALSE","TRUE"))) -> TRUE | X37: =IF(ISNA(VLOOKUP(H37,QCEQUATIONS,2,)),"",(VLOOKUP(H37,QCEQUATIONS,2,))) | Y37: OM_1-30-2025_10-50-49AMadj-adj (8500).OMN | AL37: =IF($O37="", "", IF(AQ37<>"", SUBSTITUTE(SUBSTITUTE(AQ37, "x", "*"&$O37&"^", 1), "x", "*"&$O37, 1), "")) -> FALSE | AM37: =IF($O37="", "", IF(AR37<>"", SUBSTITUTE(SUBSTITUTE(AR37, "x", "*"&$O37&"^", 1), "x", "*"&$O37, 1), "")) -> FALSE | AN37: =IF($O37="", "", IF(AS37<>"", SUBSTITUTE(SUBSTITUTE(AS37, "x", "*"&$O37&"^", 1), "x", "*"&$O37, 1), "")) -> FALSE | AO37: =IF($O37="", "FALSE", IF(AT37<>"FALSE", SUBSTITUTE(SUBSTITUTE(AT37, "x", "*"&$O37&"^", 1), "x", "*"&$O37, 1), "")) -> FALSE | AP37: =IF($O37="", "FALSE", IF(AU37<>"FALSE", SUBSTITUTE(SUBSTITUTE(AU37, "x", "*"&$O37&"^", 1), "x", "*"&$O37, 1), "")) -> FALSE | AQ37: =IF(AND(I37="TP",S37<=150),VLOOKUP(AF37,TPCalibEq150!$AZ$2:$BB$166,3,),IF(AND(I37="TDP",S37<=150),VLOOKUP(AF37,TPCalibEq150!$AZ$2:$BB$166,3,))) -> FALSE | AR37: =IF(AND(I37="TP",S37<=300),VLOOKUP(AF37,TPCalibEq300!$AZ$2:$BB$166,3,),IF(AND(I37="TDP",S37<=300),VLOOKUP(AF37,TPCalibEq300!$AZ$2:$BB$166,3,))) -> FALSE | AS37: =IF(AND(I37="TP",S37<=500),VLOOKUP(AF37,TPCalibEq500!$AZ$2:$BB$165,3,),IF(AND(I37="TDP",S37<=500),VLOOKUP(AF37,TPCalibEq500!$AZ$2:$BB$165,3,))) -> FALSE | AT37: =IF(AND(I37="TN",S37<=2800),VLOOKUP(AF37,TNCalibEq2500!$AZ$2:$BB$165,3,),IF(AND(I37="TDN",S37<=2800),VLOOKUP(AF37,TNCalibEq2500!$AZ$2:$BB$165,3,))) -> FALSE | AU37: =IF(I37="TP",VLOOKUP(AF37,TPCalibEqFull!$AZ$2:$BB$165,3),IF(I37="TDP",VLOOKUP(AF37,TPCalibEqFull!$AZ$2:$BB$165,3),IF(I37="TDN",VLOOKUP(AF37,TNCalibEqFull!$AZ$2:$BB$164,3),IF(I37="TN",VLOOKUP(AF37,TNCalibEqFull!$AZ$2:$BB$164,3),FALSE)))) -> FALSE | AV37: =TEXT(A37, "YYYYMMDD")&" "&TEXT(B37, "HH:MM:SS")&"-"&C37&"-"&D37&"-"&E37&"-"&F37&"-"&G37&"-"&H37 -> 20240810 00:00:00-1000-26-Dp-1-SW-UKN
A38: 45514 | B38: 0 | C38: 1000 | D38: 26 | E38: Dp | F38: 1 | G38: SW | H38: DUP | I38: TNH4 | J38: 34 | K38: 45687 | L38: 0.51078704 | M38: 1 | N38: N-1.1 | O38: 5.87 | P38: 0.611 | Q38: 362 | R38: ug-N/L | S38: =IF(OR(AND(I38<>"TP", I38<>"TDP",I38<>"TN", I38<>"TDN"),H38="CAL"), Q38*M38, IF(OR(AND(I38="TN", Q38>2500), AND(I38="TDN", Q38>2500)),MAX(Q38, AK38)*M38, IF(OR(AND(I38="TN", Q38<=2500), AND(I38="TDN", Q38<=2500)),MAX(Q38, AJ38,AK38)*M38, IF(OR(AND(I38="TP",Q38>500), AND(I38="TDP", Q38>500)),MAX(Q38,AK38)*M38,IF(OR(AND(I38="TP",Q38<=150), AND(I38="TDP", Q38<=150)),MAX(Q38,AG38:AI38,AK38)*M38,IF(OR(AND(I38="TP",Q38<=300), AND(I38="TDP", Q38<=300)),MAX(Q38,AH38,AI38,AK38)*M38,IF(OR(AND(I38="TP",Q38<=500), AND(I38="TDP", Q38<=500)),MAX(Q38,AI38,AK38)*M38,""))))))) -> 362 | T38: Conc = 0.169 * Area^2 + 60.8 * Area + 0.00 | U38: =IF(OR(H38="CHK",H38="ATP",H38="GUP",H38="PER", H38="NIC", H38="UREA"),(S38/V38*100),IF(H38="DUP",((ABS(S38-S37))/((S37+S38)/2))*100,IF(H38="SPK",((S38-S37)/V38*100),IF(OR(H38="LAB",H38="FLD",H38="ESF"),S38,"")))) -> 4.0595399 | V38: =IF(H38="CHK",VLOOKUP(I38,QCCHK,3,),IF(H38="GUP",VLOOKUP(E38,QCGUP,2,),IF(AND(H38="ATP",OR(I38="TN",I38="TDN",I38="TNO2-3",I38="NO2-3")),VLOOKUP(E38,QCREC_N,2,),IF(AND(H38="NIC",OR(I38="TN",I38="TDN",I38="TNO2-3",I38="NO2-3")),VLOOKUP(E38,QCNIC_N,2,),IF(AND(H38="UREA",OR(I38="TN",I38="TDN",I38="TNO2-3",I38="NO2-3")),VLOOKUP(E38,QCUREA_N,2,),IF(H38="PER",VLOOKUP(I38,QCPER,MATCH(E38,QCACTUAL!$J$25:$AA$25,0),),IF(H38="SPK",VLOOKUP(I38,QCSPK,3,),IF(AND(H38="ATP",OR(I38="TP",I38="TDP")),VLOOKUP(E38,QCATP_P,2,),"")))))))) | W38: =IF(AND(OR(H38="PER",H38="ATP",H38="GUP",H38="CHK",H38="SPK", H38="NIC"),OR(U38>125,U38<75)),"FALSE",IF(AND(H38="DUP",OR(U38>25, U38<-25)),"FALSE",IF(AND(OR(H38="LAB",H38="FLD",H38="ESF"),U38>15),"FALSE","TRUE"))) -> TRUE | X38: =IF(ISNA(VLOOKUP(H38,QCEQUATIONS,2,)),"",(VLOOKUP(H38,QCEQUATIONS,2,))) -> ((ABS(rep1-rep2))/((rep1+rep2)/2)*100 | Y38: OM_1-30-2025_10-50-49AMadj-adj (8500).OMN | AL38: =IF($O38="", "", IF(AQ38<>"", SUBSTITUTE(SUBSTITUTE(AQ38, "x", "*"&$O38&"^", 1), "x", "*"&$O38, 1), "")) -> FALSE | AM38: =IF($O38="", "", IF(AR38<>"", SUBSTITUTE(SUBSTITUTE(AR38, "x", "*"&$O38&"^", 1), "x", "*"&$O38, 1), "")) -> FALSE | AN38: =IF($O38="", "", IF(AS38<>"", SUBSTITUTE(SUBSTITUTE(AS38, "x", "*"&$O38&"^", 1), "x", "*"&$O38, 1), "")) -> FALSE | AO38: =IF($O38="", "FALSE", IF(AT38<>"FALSE", SUBSTITUTE(SUBSTITUTE(AT38, "x", "*"&$O38&"^", 1), "x", "*"&$O38, 1), "")) -> FALSE | AP38: =IF($O38="", "FALSE", IF(AU38<>"FALSE", SUBSTITUTE(SUBSTITUTE(AU38, "x", "*"&$O38&"^", 1), "x", "*"&$O38, 1), "")) -> FALSE | AQ38: =IF(AND(I38="TP",S38<=150),VLOOKUP(AF38,TPCalibEq150!$AZ$2:$BB$166,3,),IF(AND(I38="TDP",S38<=150),VLOOKUP(AF38,TPCalibEq150!$AZ$2:$BB$166,3,))) -> FALSE | AR38: =IF(AND(I38="TP",S38<=300),VLOOKUP(AF38,TPCalibEq300!$AZ$2:$BB$166,3,),IF(AND(I38="TDP",S38<=300),VLOOKUP(AF38,TPCalibEq300!$AZ$2:$BB$166,3,))) -> FALSE | AS38: =IF(AND(I38="TP",S38<=500),VLOOKUP(AF38,TPCalibEq500!$AZ$2:$BB$165,3,),IF(AND(I38="TDP",S38<=500),VLOOKUP(AF38,TPCalibEq500!$AZ$2:$BB$165,3,))) -> FALSE | AT38: =IF(AND(I38="TN",S38<=2800),VLOOKUP(AF38,TNCalibEq2500!$AZ$2:$BB$165,3,),IF(AND(I38="TDN",S38<=2800),VLOOKUP(AF38,TNCalibEq2500!$AZ$2:$BB$165,3,))) -> FALSE | AU38: =IF(I38="TP",VLOOKUP(AF38,TPCalibEqFull!$AZ$2:$BB$165,3),IF(I38="TDP",VLOOKUP(AF38,TPCalibEqFull!$AZ$2:$BB$165,3),IF(I38="TDN",VLOOKUP(AF38,TNCalibEqFull!$AZ$2:$BB$164,3),IF(I38="TN",VLOOKUP(AF38,TNCalibEqFull!$AZ$2:$BB$164,3),FALSE)))) -> FALSE | AV38: =TEXT(A38, "YYYYMMDD")&" "&TEXT(B38, "HH:MM:SS")&"-"&C38&"-"&D38&"-"&E38&"-"&F38&"-"&G38&"-"&H38 -> 20240810 00:00:00-1000-26-Dp-1-SW-DUP
A39: 45500 | B39: 0 | C39: 1000 | D39: 1 | E39: Sh | F39: 1 | G39: DI | H39: BLK | I39: TRP | J39: 1 | K39: 45687 | L39: 0.46931713 | M39: 1 | N39: P-1.0 | O39: 0.00582 | P39: 0.000743 | Q39: 4.52 | R39: ug-P/L | S39: =IF(OR(AND(I39<>"TP", I39<>"TDP",I39<>"TN", I39<>"TDN"),H39="CAL"), Q39*M39, IF(OR(AND(I39="TN", Q39>2500), AND(I39="TDN", Q39>2500)),MAX(Q39, AK39)*M39, IF(OR(AND(I39="TN", Q39<=2500), AND(I39="TDN", Q39<=2500)),MAX(Q39, AJ39,AK39)*M39, IF(OR(AND(I39="TP",Q39>500), AND(I39="TDP", Q39>500)),MAX(Q39,AK39)*M39,IF(OR(AND(I39="TP",Q39<=150), AND(I39="TDP", Q39<=150)),MAX(Q39,AG39:AI39,AK39)*M39,IF(OR(AND(I39="TP",Q39<=300), AND(I39="TDP", Q39<=300)),MAX(Q39,AH39,AI39,AK39)*M39,IF(OR(AND(I39="TP",Q39<=500), AND(I39="TDP", Q39<=500)),MAX(Q39,AI39,AK39)*M39,""))))))) -> 4.52 | T39: Conc = 197 * Area + 3.37 | U39: =IF(OR(H39="CHK",H39="ATP",H39="GUP",H39="PER", H39="NIC", H39="UREA"),(S39/V39*100),IF(H39="DUP",((ABS(S39-#REF!))/((#REF!+S39)/2))*100,IF(H39="SPK",((S39-#REF!)/V39*100),IF(OR(H39="LAB",H39="FLD",H39="ESF"),S39,"")))) | V39: =IF(H39="CHK",VLOOKUP(I39,QCCHK,3,),IF(H39="GUP",VLOOKUP(E39,QCGUP,2,),IF(AND(H39="ATP",OR(I39="TN",I39="TDN",I39="TNO2-3",I39="NO2-3")),VLOOKUP(E39,QCREC_N,2,),IF(AND(H39="NIC",OR(I39="TN",I39="TDN",I39="TNO2-3",I39="NO2-3")),VLOOKUP(E39,QCNIC_N,2,),IF(AND(H39="UREA",OR(I39="TN",I39="TDN",I39="TNO2-3",I39="NO2-3")),VLOOKUP(E39,QCUREA_N,2,),IF(H39="PER",VLOOKUP(I39,QCPER,MATCH(E39,QCACTUAL!$J$25:$AA$25,0),),IF(H39="SPK",VLOOKUP(I39,QCSPK,3,),IF(AND(H39="ATP",OR(I39="TP",I39="TDP")),VLOOKUP(E39,QCATP_P,2,),"")))))))) | W39: =IF(AND(OR(H39="PER",H39="ATP",H39="GUP",H39="CHK",H39="SPK", H39="NIC"),OR(U39>125,U39<75)),"FALSE",IF(AND(H39="DUP",OR(U39>25, U39<-25)),"FALSE",IF(AND(OR(H39="LAB",H39="FLD",H39="ESF"),U39>15),"FALSE","TRUE"))) -> TRUE | X39: =IF(ISNA(VLOOKUP(H39,QCEQUATIONS,2,)),"",(VLOOKUP(H39,QCEQUATIONS,2,))) | Y39: OM_1-30-2025_10-50-49AMadj-adj (8500).OMN | AL39: =IF($O39="", "", IF(AQ39<>"", SUBSTITUTE(SUBSTITUTE(AQ39, "x", "*"&$O39&"^", 1), "x", "*"&$O39, 1), "")) -> FALSE | AM39: =IF($O39="", "", IF(AR39<>"", SUBSTITUTE(SUBSTITUTE(AR39, "x", "*"&$O39&"^", 1), "x", "*"&$O39, 1), "")) -> FALSE | AN39: =IF($O39="", "", IF(AS39<>"", SUBSTITUTE(SUBSTITUTE(AS39, "x", "*"&$O39&"^", 1), "x", "*"&$O39, 1), "")) -> FALSE | AO39: =IF($O39="", "FALSE", IF(AT39<>"FALSE", SUBSTITUTE(SUBSTITUTE(AT39, "x", "*"&$O39&"^", 1), "x", "*"&$O39, 1), "")) -> FALSE | AP39: =IF($O39="", "FALSE", IF(AU39<>"FALSE", SUBSTITUTE(SUBSTITUTE(AU39, "x", "*"&$O39&"^", 1), "x", "*"&$O39, 1), "")) -> FALSE | AQ39: =IF(AND(I39="TP",S39<=150),VLOOKUP(AF39,TPCalibEq150!$AZ$2:$BB$166,3,),IF(AND(I39="TDP",S39<=150),VLOOKUP(AF39,TPCalibEq150!$AZ$2:$BB$166,3,))) -> FALSE | AR39: =IF(AND(I39="TP",S39<=300),VLOOKUP(AF39,TPCalibEq300!$AZ$2:$BB$166,3,),IF(AND(I39="TDP",S39<=300),VLOOKUP(AF39,TPCalibEq300!$AZ$2:$BB$166,3,))) -> FALSE | AS39: =IF(AND(I39="TP",S39<=500),VLOOKUP(AF39,TPCalibEq500!$AZ$2:$BB$165,3,),IF(AND(I39="TDP",S39<=500),VLOOKUP(AF39,TPCalibEq500!$AZ$2:$BB$165,3,))) -> FALSE | AT39: =IF(AND(I39="TN",S39<=2800),VLOOKUP(AF39,TNCalibEq2500!$AZ$2:$BB$165,3,),IF(AND(I39="TDN",S39<=2800),VLOOKUP(AF39,TNCalibEq2500!$AZ$2:$BB$165,3,))) -> FALSE | AU39: =IF(I39="TP",VLOOKUP(AF39,TPCalibEqFull!$AZ$2:$BB$165,3),IF(I39="TDP",VLOOKUP(AF39,TPCalibEqFull!$AZ$2:$BB$165,3),IF(I39="TDN",VLOOKUP(AF39,TNCalibEqFull!$AZ$2:$BB$164,3),IF(I39="TN",VLOOKUP(AF39,TNCalibEqFull!$AZ$2:$BB$164,3),FALSE)))) -> FALSE | AV39: =TEXT(A39, "YYYYMMDD")&" "&TEXT(B39, "HH:MM:SS")&"-"&C39&"-"&D39&"-"&E39&"-"&F39&"-"&G39&"-"&H39 -> 20240727 00:00:00-1000-1-Sh-1-DI-BLK
A40: 45500 | B40: 0 | C40: 1000 | D40: 1 | E40: Sh | F40: 1 | G40: SW | H40: UKN | I40: TRP | J40: 2 | K40: 45687 | L40: 0.47015046 | M40: 1 | N40: P-1.0 | O40: 0.101 | P40: 0.009 | Q40: 23.2 | R40: ug-P/L | S40: =IF(OR(AND(I40<>"TP", I40<>"TDP",I40<>"TN", I40<>"TDN"),H40="CAL"), Q40*M40, IF(OR(AND(I40="TN", Q40>2500), AND(I40="TDN", Q40>2500)),MAX(Q40, AK40)*M40, IF(OR(AND(I40="TN", Q40<=2500), AND(I40="TDN", Q40<=2500)),MAX(Q40, AJ40,AK40)*M40, IF(OR(AND(I40="TP",Q40>500), AND(I40="TDP", Q40>500)),MAX(Q40,AK40)*M40,IF(OR(AND(I40="TP",Q40<=150), AND(I40="TDP", Q40<=150)),MAX(Q40,AG40:AI40,AK40)*M40,IF(OR(AND(I40="TP",Q40<=300), AND(I40="TDP", Q40<=300)),MAX(Q40,AH40,AI40,AK40)*M40,IF(OR(AND(I40="TP",Q40<=500), AND(I40="TDP", Q40<=500)),MAX(Q40,AI40,AK40)*M40,""))))))) -> 23.2 | T40: Conc = 197 * Area + 3.37 | U40: =IF(OR(H40="CHK",H40="ATP",H40="GUP",H40="PER", H40="NIC", H40="UREA"),(S40/V40*100),IF(H40="DUP",((ABS(S40-S39))/((S39+S40)/2))*100,IF(H40="SPK",((S40-S39)/V40*100),IF(OR(H40="LAB",H40="FLD",H40="ESF"),S40,"")))) | V40: =IF(H40="CHK",VLOOKUP(I40,QCCHK,3,),IF(H40="GUP",VLOOKUP(E40,QCGUP,2,),IF(AND(H40="ATP",OR(I40="TN",I40="TDN",I40="TNO2-3",I40="NO2-3")),VLOOKUP(E40,QCREC_N,2,),IF(AND(H40="NIC",OR(I40="TN",I40="TDN",I40="TNO2-3",I40="NO2-3")),VLOOKUP(E40,QCNIC_N,2,),IF(AND(H40="UREA",OR(I40="TN",I40="TDN",I40="TNO2-3",I40="NO2-3")),VLOOKUP(E40,QCUREA_N,2,),IF(H40="PER",VLOOKUP(I40,QCPER,MATCH(E40,QCACTUAL!$J$25:$AA$25,0),),IF(H40="SPK",VLOOKUP(I40,QCSPK,3,),IF(AND(H40="ATP",OR(I40="TP",I40="TDP")),VLOOKUP(E40,QCATP_P,2,),"")))))))) | W40: =IF(AND(OR(H40="PER",H40="ATP",H40="GUP",H40="CHK",H40="SPK", H40="NIC"),OR(U40>125,U40<75)),"FALSE",IF(AND(H40="DUP",OR(U40>25, U40<-25)),"FALSE",IF(AND(OR(H40="LAB",H40="FLD",H40="ESF"),U40>15),"FALSE","TRUE"))) -> TRUE | X40: =IF(ISNA(VLOOKUP(H40,QCEQUATIONS,2,)),"",(VLOOKUP(H40,QCEQUATIONS,2,))) | Y40: OM_1-30-2025_10-50-49AMadj-adj (8500).OMN | AL40: =IF($O40="", "", IF(AQ40<>"", SUBSTITUTE(SUBSTITUTE(AQ40, "x", "*"&$O40&"^", 1), "x", "*"&$O40, 1), "")) -> FALSE | AM40: =IF($O40="", "", IF(AR40<>"", SUBSTITUTE(SUBSTITUTE(AR40, "x", "*"&$O40&"^", 1), "x", "*"&$O40, 1), "")) -> FALSE | AN40: =IF($O40="", "", IF(AS40<>"", SUBSTITUTE(SUBSTITUTE(AS40, "x", "*"&$O40&"^", 1), "x", "*"&$O40, 1), "")) -> FALSE | AO40: =IF($O40="", "FALSE", IF(AT40<>"FALSE", SUBSTITUTE(SUBSTITUTE(AT40, "x", "*"&$O40&"^", 1), "x", "*"&$O40, 1), "")) -> FALSE | AP40: =IF($O40="", "FALSE", IF(AU40<>"FALSE", SUBSTITUTE(SUBSTITUTE(AU40, "x", "*"&$O40&"^", 1), "x", "*"&$O40, 1), "")) -> FALSE | AQ40: =IF(AND(I40="TP",S40<=150),VLOOKUP(AF40,TPCalibEq150!$AZ$2:$BB$166,3,),IF(AND(I40="TDP",S40<=150),VLOOKUP(AF40,TPCalibEq150!$AZ$2:$BB$166,3,))) -> FALSE | AR40: =IF(AND(I40="TP",S40<=300),VLOOKUP(AF40,TPCalibEq300!$AZ$2:$BB$166,3,),IF(AND(I40="TDP",S40<=300),VLOOKUP(AF40,TPCalibEq300!$AZ$2:$BB$166,3,))) -> FALSE | AS40: =IF(AND(I40="TP",S40<=500),VLOOKUP(AF40,TPCalibEq500!$AZ$2:$BB$165,3,),IF(AND(I40="TDP",S40<=500),VLOOKUP(AF40,TPCalibEq500!$AZ$2:$BB$165,3,))) -> FALSE | AT40: =IF(AND(I40="TN",S40<=2800),VLOOKUP(AF40,TNCalibEq2500!$AZ$2:$BB$165,3,),IF(AND(I40="TDN",S40<=2800),VLOOKUP(AF40,TNCalibEq2500!$AZ$2:$BB$165,3,))) -> FALSE | AU40: =IF(I40="TP",VLOOKUP(AF40,TPCalibEqFull!$AZ$2:$BB$165,3),IF(I40="TDP",VLOOKUP(AF40,TPCalibEqFull!$AZ$2:$BB$165,3),IF(I40="TDN",VLOOKUP(AF40,TNCalibEqFull!$AZ$2:$BB$164,3),IF(I40="TN",VLOOKUP(AF40,TNCalibEqFull!$AZ$2:$BB$164,3),FALSE)))) -> FALSE | AV40: =TEXT(A40, "YYYYMMDD")&" "&TEXT(B40, "HH:MM:SS")&"-"&C40&"-"&D40&"-"&E40&"-"&F40&"-"&G40&"-"&H40 -> 20240727 00:00:00-1000-1-Sh-1-SW-UKN
A41: 45507 | B41: 0 | C41: 1000 | D41: 1 | E41: Dp | F41: 1 | G41: SW | H41: UKN | I41: TRP | J41: 3 | K41: 45687 | L41: 0.47097222 | M41: 1 | N41: P-1.0 | O41: 0.0939 | P41: 0.00955 | Q41: 21.9 | R41: ug-P/L | S41: =IF(OR(AND(I41<>"TP", I41<>"TDP",I41<>"TN", I41<>"TDN"),H41="CAL"), Q41*M41, IF(OR(AND(I41="TN", Q41>2500), AND(I41="TDN", Q41>2500)),MAX(Q41, AK41)*M41, IF(OR(AND(I41="TN", Q41<=2500), AND(I41="TDN", Q41<=2500)),MAX(Q41, AJ41,AK41)*M41, IF(OR(AND(I41="TP",Q41>500), AND(I41="TDP", Q41>500)),MAX(Q41,AK41)*M41,IF(OR(AND(I41="TP",Q41<=150), AND(I41="TDP", Q41<=150)),MAX(Q41,AG41:AI41,AK41)*M41,IF(OR(AND(I41="TP",Q41<=300), AND(I41="TDP", Q41<=300)),MAX(Q41,AH41,AI41,AK41)*M41,IF(OR(AND(I41="TP",Q41<=500), AND(I41="TDP", Q41<=500)),MAX(Q41,AI41,AK41)*M41,""))))))) -> 21.9 | T41: Conc = 197 * Area + 3.37 | U41: =IF(OR(H41="CHK",H41="ATP",H41="GUP",H41="PER", H41="NIC", H41="UREA"),(S41/V41*100),IF(H41="DUP",((ABS(S41-S40))/((S40+S41)/2))*100,IF(H41="SPK",((S41-S40)/V41*100),IF(OR(H41="LAB",H41="FLD",H41="ESF"),S41,"")))) | V41: =IF(H41="CHK",VLOOKUP(I41,QCCHK,3,),IF(H41="GUP",VLOOKUP(E41,QCGUP,2,),IF(AND(H41="ATP",OR(I41="TN",I41="TDN",I41="TNO2-3",I41="NO2-3")),VLOOKUP(E41,QCREC_N,2,),IF(AND(H41="NIC",OR(I41="TN",I41="TDN",I41="TNO2-3",I41="NO2-3")),VLOOKUP(E41,QCNIC_N,2,),IF(AND(H41="UREA",OR(I41="TN",I41="TDN",I41="TNO2-3",I41="NO2-3")),VLOOKUP(E41,QCUREA_N,2,),IF(H41="PER",VLOOKUP(I41,QCPER,MATCH(E41,QCACTUAL!$J$25:$AA$25,0),),IF(H41="SPK",VLOOKUP(I41,QCSPK,3,),IF(AND(H41="ATP",OR(I41="TP",I41="TDP")),VLOOKUP(E41,QCATP_P,2,),"")))))))) | W41: =IF(AND(OR(H41="PER",H41="ATP",H41="GUP",H41="CHK",H41="SPK", H41="NIC"),OR(U41>125,U41<75)),"FALSE",IF(AND(H41="DUP",OR(U41>25, U41<-25)),"FALSE",IF(AND(OR(H41="LAB",H41="FLD",H41="ESF"),U41>15),"FALSE","TRUE"))) -> TRUE | X41: =IF(ISNA(VLOOKUP(H41,QCEQUATIONS,2,)),"",(VLOOKUP(H41,QCEQUATIONS,2,))) | Y41: OM_1-30-2025_10-50-49AMadj-adj (8500).OMN | AL41: =IF($O41="", "", IF(AQ41<>"", SUBSTITUTE(SUBSTITUTE(AQ41, "x", "*"&$O41&"^", 1), "x", "*"&$O41, 1), "")) -> FALSE | AM41: =IF($O41="", "", IF(AR41<>"", SUBSTITUTE(SUBSTITUTE(AR41, "x", "*"&$O41&"^", 1), "x", "*"&$O41, 1), "")) -> FALSE | AN41: =IF($O41="", "", IF(AS41<>"", SUBSTITUTE(SUBSTITUTE(AS41, "x", "*"&$O41&"^", 1), "x", "*"&$O41, 1), "")) -> FALSE | AO41: =IF($O41="", "FALSE", IF(AT41<>"FALSE", SUBSTITUTE(SUBSTITUTE(AT41, "x", "*"&$O41&"^", 1), "x", "*"&$O41, 1), "")) -> FALSE | AP41: =IF($O41="", "FALSE", IF(AU41<>"FALSE", SUBSTITUTE(SUBSTITUTE(AU41, "x", "*"&$O41&"^", 1), "x", "*"&$O41, 1), "")) -> FALSE | AQ41: =IF(AND(I41="TP",S41<=150),VLOOKUP(AF41,TPCalibEq150!$AZ$2:$BB$166,3,),IF(AND(I41="TDP",S41<=150),VLOOKUP(AF41,TPCalibEq150!$AZ$2:$BB$166,3,))) -> FALSE | AR41: =IF(AND(I41="TP",S41<=300),VLOOKUP(AF41,TPCalibEq300!$AZ$2:$BB$166,3,),IF(AND(I41="TDP",S41<=300),VLOOKUP(AF41,TPCalibEq300!$AZ$2:$BB$166,3,))) -> FALSE | AS41: =IF(AND(I41="TP",S41<=500),VLOOKUP(AF41,TPCalibEq500!$AZ$2:$BB$165,3,),IF(AND(I41="TDP",S41<=500),VLOOKUP(AF41,TPCalibEq500!$AZ$2:$BB$165,3,))) -> FALSE | AT41: =IF(AND(I41="TN",S41<=2800),VLOOKUP(AF41,TNCalibEq2500!$AZ$2:$BB$165,3,),IF(AND(I41="TDN",S41<=2800),VLOOKUP(AF41,TNCalibEq2500!$AZ$2:$BB$165,3,))) -> FALSE | AU41: =IF(I41="TP",VLOOKUP(AF41,TPCalibEqFull!$AZ$2:$BB$165,3),IF(I41="TDP",VLOOKUP(AF41,TPCalibEqFull!$AZ$2:$BB$165,3),IF(I41="TDN",VLOOKUP(AF41,TNCalibEqFull!$AZ$2:$BB$164,3),IF(I41="TN",VLOOKUP(AF41,TNCalibEqFull!$AZ$2:$BB$164,3),FALSE)))) -> FALSE | AV41: =TEXT(A41, "YYYYMMDD")&" "&TEXT(B41, "HH:MM:SS")&"-"&C41&"-"&D41&"-"&E41&"-"&F41&"-"&G41&"-"&H41 -> 20240803 00:00:00-1000-1-Dp-1-SW-UKN
A42: 45507 | B42: 0 | C42: 1000 | D42: 2 | E42: Sh | F42: 1 | G42: DI | H42: BLK | I42: TRP | J42: 4 | K42: 45687 | L42: 0.47179398 | M42: 1 | N42: P-1.0 | O42: 0.0158 | P42: 0.000932 | Q42: 6.48 | R42: ug-P/L | S42: =IF(OR(AND(I42<>"TP", I42<>"TDP",I42<>"TN", I42<>"TDN"),H42="CAL"), Q42*M42, IF(OR(AND(I42="TN", Q42>2500), AND(I42="TDN", Q42>2500)),MAX(Q42, AK42)*M42, IF(OR(AND(I42="TN", Q42<=2500), AND(I42="TDN", Q42<=2500)),MAX(Q42, AJ42,AK42)*M42, IF(OR(AND(I42="TP",Q42>500), AND(I42="TDP", Q42>500)),MAX(Q42,AK42)*M42,IF(OR(AND(I42="TP",Q42<=150), AND(I42="TDP", Q42<=150)),MAX(Q42,AG42:AI42,AK42)*M42,IF(OR(AND(I42="TP",Q42<=300), AND(I42="TDP", Q42<=300)),MAX(Q42,AH42,AI42,AK42)*M42,IF(OR(AND(I42="TP",Q42<=500), AND(I42="TDP", Q42<=500)),MAX(Q42,AI42,AK42)*M42,""))))))) -> 6.48 | T42: Conc = 197 * Area + 3.37 | U42: =IF(OR(H42="CHK",H42="ATP",H42="GUP",H42="PER", H42="NIC", H42="UREA"),(S42/V42*100),IF(H42="DUP",((ABS(S42-S41))/((S41+S42)/2))*100,IF(H42="SPK",((S42-S41)/V42*100),IF(OR(H42="LAB",H42="FLD",H42="ESF"),S42,"")))) | V42: =IF(H42="CHK",VLOOKUP(I42,QCCHK,3,),IF(H42="GUP",VLOOKUP(E42,QCGUP,2,),IF(AND(H42="ATP",OR(I42="TN",I42="TDN",I42="TNO2-3",I42="NO2-3")),VLOOKUP(E42,QCREC_N,2,),IF(AND(H42="NIC",OR(I42="TN",I42="TDN",I42="TNO2-3",I42="NO2-3")),VLOOKUP(E42,QCNIC_N,2,),IF(AND(H42="UREA",OR(I42="TN",I42="TDN",I42="TNO2-3",I42="NO2-3")),VLOOKUP(E42,QCUREA_N,2,),IF(H42="PER",VLOOKUP(I42,QCPER,MATCH(E42,QCACTUAL!$J$25:$AA$25,0),),IF(H42="SPK",VLOOKUP(I42,QCSPK,3,),IF(AND(H42="ATP",OR(I42="TP",I42="TDP")),VLOOKUP(E42,QCATP_P,2,),"")))))))) | W42: =IF(AND(OR(H42="PER",H42="ATP",H42="GUP",H42="CHK",H42="SPK", H42="NIC"),OR(U42>125,U42<75)),"FALSE",IF(AND(H42="DUP",OR(U42>25, U42<-25)),"FALSE",IF(AND(OR(H42="LAB",H42="FLD",H42="ESF"),U42>15),"FALSE","TRUE"))) -> TRUE | X42: =IF(ISNA(VLOOKUP(H42,QCEQUATIONS,2,)),"",(VLOOKUP(H42,QCEQUATIONS,2,))) | Y42: OM_1-30-2025_10-50-49AMadj-adj (8500).OMN | AL42: =IF($O42="", "", IF(AQ42<>"", SUBSTITUTE(SUBSTITUTE(AQ42, "x", "*"&$O42&"^", 1), "x", "*"&$O42, 1), "")) -> FALSE | AM42: =IF($O42="", "", IF(AR42<>"", SUBSTITUTE(SUBSTITUTE(AR42, "x", "*"&$O42&"^", 1), "x", "*"&$O42, 1), "")) -> FALSE | AN42: =IF($O42="", "", IF(AS42<>"", SUBSTITUTE(SUBSTITUTE(AS42, "x", "*"&$O42&"^", 1), "x", "*"&$O42, 1), "")) -> FALSE | AO42: =IF($O42="", "FALSE", IF(AT42<>"FALSE", SUBSTITUTE(SUBSTITUTE(AT42, "x", "*"&$O42&"^", 1), "x", "*"&$O42, 1), "")) -> FALSE | AP42: =IF($O42="", "FALSE", IF(AU42<>"FALSE", SUBSTITUTE(SUBSTITUTE(AU42, "x", "*"&$O42&"^", 1), "x", "*"&$O42, 1), "")) -> FALSE | AQ42: =IF(AND(I42="TP",S42<=150),VLOOKUP(AF42,TPCalibEq150!$AZ$2:$BB$166,3,),IF(AND(I42="TDP",S42<=150),VLOOKUP(AF42,TPCalibEq150!$AZ$2:$BB$166,3,))) -> FALSE | AR42: =IF(AND(I42="TP",S42<=300),VLOOKUP(AF42,TPCalibEq300!$AZ$2:$BB$166,3,),IF(AND(I42="TDP",S42<=300),VLOOKUP(AF42,TPCalibEq300!$AZ$2:$BB$166,3,))) -> FALSE | AS42: =IF(AND(I42="TP",S42<=500),VLOOKUP(AF42,TPCalibEq500!$AZ$2:$BB$165,3,),IF(AND(I42="TDP",S42<=500),VLOOKUP(AF42,TPCalibEq500!$AZ$2:$BB$165,3,))) -> FALSE | AT42: =IF(AND(I42="TN",S42<=2800),VLOOKUP(AF42,TNCalibEq2500!$AZ$2:$BB$165,3,),IF(AND(I42="TDN",S42<=2800),VLOOKUP(AF42,TNCalibEq2500!$AZ$2:$BB$165,3,))) -> FALSE | AU42: =IF(I42="TP",VLOOKUP(AF42,TPCalibEqFull!$AZ$2:$BB$165,3),IF(I42="TDP",VLOOKUP(AF42,TPCalibEqFull!$AZ$2:$BB$165,3),IF(I42="TDN",VLOOKUP(AF42,TNCalibEqFull!$AZ$2:$BB$164,3),IF(I42="TN",VLOOKUP(AF42,TNCalibEqFull!$AZ$2:$BB$164,3),FALSE)))) -> FALSE | AV42: =TEXT(A42, "YYYYMMDD")&" "&TEXT(B42, "HH:MM:SS")&"-"&C42&"-"&D42&"-"&E42&"-"&F42&"-"&G42&"-"&H42 -> 20240803 00:00:00-1000-2-Sh-1-DI-BLK
A43: 45507 | B43: 0 | C43: 1000 | D43: 2 | E43: Sh | F43: 1 | G43: SW | H43: UKN | I43: TRP | J43: 5 | K43: 45687 | L43: 0.47259259 | M43: 1 | N43: P-1.0 | O43: 0.0812 | P43: 0.00859 | Q43: 19.4 | R43: ug-P/L | S43: =IF(OR(AND(I43<>"TP", I43<>"TDP",I43<>"TN", I43<>"TDN"),H43="CAL"), Q43*M43, IF(OR(AND(I43="TN", Q43>2500), AND(I43="TDN", Q43>2500)),MAX(Q43, AK43)*M43, IF(OR(AND(I43="TN", Q43<=2500), AND(I43="TDN", Q43<=2500)),MAX(Q43, AJ43,AK43)*M43, IF(OR(AND(I43="TP",Q43>500), AND(I43="TDP", Q43>500)),MAX(Q43,AK43)*M43,IF(OR(AND(I43="TP",Q43<=150), AND(I43="TDP", Q43<=150)),MAX(Q43,AG43:AI43,AK43)*M43,IF(OR(AND(I43="TP",Q43<=300), AND(I43="TDP", Q43<=300)),MAX(Q43,AH43,AI43,AK43)*M43,IF(OR(AND(I43="TP",Q43<=500), AND(I43="TDP", Q43<=500)),MAX(Q43,AI43,AK43)*M43,""))))))) -> 19.4 | T43: Conc = 197 * Area + 3.37 | U43: =IF(OR(H43="CHK",H43="ATP",H43="GUP",H43="PER", H43="NIC", H43="UREA"),(S43/V43*100),IF(H43="DUP",((ABS(S43-S42))/((S42+S43)/2))*100,IF(H43="SPK",((S43-S42)/V43*100),IF(OR(H43="LAB",H43="FLD",H43="ESF"),S43,"")))) | V43: =IF(H43="CHK",VLOOKUP(I43,QCCHK,3,),IF(H43="GUP",VLOOKUP(E43,QCGUP,2,),IF(AND(H43="ATP",OR(I43="TN",I43="TDN",I43="TNO2-3",I43="NO2-3")),VLOOKUP(E43,QCREC_N,2,),IF(AND(H43="NIC",OR(I43="TN",I43="TDN",I43="TNO2-3",I43="NO2-3")),VLOOKUP(E43,QCNIC_N,2,),IF(AND(H43="UREA",OR(I43="TN",I43="TDN",I43="TNO2-3",I43="NO2-3")),VLOOKUP(E43,QCUREA_N,2,),IF(H43="PER",VLOOKUP(I43,QCPER,MATCH(E43,QCACTUAL!$J$25:$AA$25,0),),IF(H43="SPK",VLOOKUP(I43,QCSPK,3,),IF(AND(H43="ATP",OR(I43="TP",I43="TDP")),VLOOKUP(E43,QCATP_P,2,),"")))))))) | W43: =IF(AND(OR(H43="PER",H43="ATP",H43="GUP",H43="CHK",H43="SPK", H43="NIC"),OR(U43>125,U43<75)),"FALSE",IF(AND(H43="DUP",OR(U43>25, U43<-25)),"FALSE",IF(AND(OR(H43="LAB",H43="FLD",H43="ESF"),U43>15),"FALSE","TRUE"))) -> TRUE | X43: =IF(ISNA(VLOOKUP(H43,QCEQUATIONS,2,)),"",(VLOOKUP(H43,QCEQUATIONS,2,))) | Y43: OM_1-30-2025_10-50-49AMadj-adj (8500).OMN | AL43: =IF($O43="", "", IF(AQ43<>"", SUBSTITUTE(SUBSTITUTE(AQ43, "x", "*"&$O43&"^", 1), "x", "*"&$O43, 1), "")) -> FALSE | AM43: =IF($O43="", "", IF(AR43<>"", SUBSTITUTE(SUBSTITUTE(AR43, "x", "*"&$O43&"^", 1), "x", "*"&$O43, 1), "")) -> FALSE | AN43: =IF($O43="", "", IF(AS43<>"", SUBSTITUTE(SUBSTITUTE(AS43, "x", "*"&$O43&"^", 1), "x", "*"&$O43, 1), "")) -> FALSE | AO43: =IF($O43="", "FALSE", IF(AT43<>"FALSE", SUBSTITUTE(SUBSTITUTE(AT43, "x", "*"&$O43&"^", 1), "x", "*"&$O43, 1), "")) -> FALSE | AP43: =IF($O43="", "FALSE", IF(AU43<>"FALSE", SUBSTITUTE(SUBSTITUTE(AU43, "x", "*"&$O43&"^", 1), "x", "*"&$O43, 1), "")) -> FALSE | AQ43: =IF(AND(I43="TP",S43<=150),VLOOKUP(AF43,TPCalibEq150!$AZ$2:$BB$166,3,),IF(AND(I43="TDP",S43<=150),VLOOKUP(AF43,TPCalibEq150!$AZ$2:$BB$166,3,))) -> FALSE | AR43: =IF(AND(I43="TP",S43<=300),VLOOKUP(AF43,TPCalibEq300!$AZ$2:$BB$166,3,),IF(AND(I43="TDP",S43<=300),VLOOKUP(AF43,TPCalibEq300!$AZ$2:$BB$166,3,))) -> FALSE | AS43: =IF(AND(I43="TP",S43<=500),VLOOKUP(AF43,TPCalibEq500!$AZ$2:$BB$165,3,),IF(AND(I43="TDP",S43<=500),VLOOKUP(AF43,TPCalibEq500!$AZ$2:$BB$165,3,))) -> FALSE | AT43: =IF(AND(I43="TN",S43<=2800),VLOOKUP(AF43,TNCalibEq2500!$AZ$2:$BB$165,3,),IF(AND(I43="TDN",S43<=2800),VLOOKUP(AF43,TNCalibEq2500!$AZ$2:$BB$165,3,))) -> FALSE | AU43: =IF(I43="TP",VLOOKUP(AF43,TPCalibEqFull!$AZ$2:$BB$165,3),IF(I43="TDP",VLOOKUP(AF43,TPCalibEqFull!$AZ$2:$BB$165,3),IF(I43="TDN",VLOOKUP(AF43,TNCalibEqFull!$AZ$2:$BB$164,3),IF(I43="TN",VLOOKUP(AF43,TNCalibEqFull!$AZ$2:$BB$164,3),FALSE)))) -> FALSE | AV43: =TEXT(A43, "YYYYMMDD")&" "&TEXT(B43, "HH:MM:SS")&"-"&C43&"-"&D43&"-"&E43&"-"&F43&"-"&G43&"-"&H43 -> 20240803 00:00:00-1000-2-Sh-1-SW-UKN
A44: 45507 | B44: 0 | C44: 1000 | D44: 2 | E44: Sh | F44: 2 | G44: SW | H44: UKN | I44: TRP | J44: 6 | K44: 45687 | L44: 0.47340278 | M44: 1 | N44: P-1.0 | O44: 0.0733 | P44: 0.00834 | Q44: 17.8 | R44: ug-P/L | S44: =IF(OR(AND(I44<>"TP", I44<>"TDP",I44<>"TN", I44<>"TDN"),H44="CAL"), Q44*M44, IF(OR(AND(I44="TN", Q44>2500), AND(I44="TDN", Q44>2500)),MAX(Q44, AK44)*M44, IF(OR(AND(I44="TN", Q44<=2500), AND(I44="TDN", Q44<=2500)),MAX(Q44, AJ44,AK44)*M44, IF(OR(AND(I44="TP",Q44>500), AND(I44="TDP", Q44>500)),MAX(Q44,AK44)*M44,IF(OR(AND(I44="TP",Q44<=150), AND(I44="TDP", Q44<=150)),MAX(Q44,AG44:AI44,AK44)*M44,IF(OR(AND(I44="TP",Q44<=300), AND(I44="TDP", Q44<=300)),MAX(Q44,AH44,AI44,AK44)*M44,IF(OR(AND(I44="TP",Q44<=500), AND(I44="TDP", Q44<=500)),MAX(Q44,AI44,AK44)*M44,""))))))) -> 17.8 | T44: Conc = 197 * Area + 3.37 | U44: =IF(OR(H44="CHK",H44="ATP",H44="GUP",H44="PER", H44="NIC", H44="UREA"),(S44/V44*100),IF(H44="DUP",((ABS(S44-S43))/((S43+S44)/2))*100,IF(H44="SPK",((S44-S43)/V44*100),IF(OR(H44="LAB",H44="FLD",H44="ESF"),S44,"")))) | V44: =IF(H44="CHK",VLOOKUP(I44,QCCHK,3,),IF(H44="GUP",VLOOKUP(E44,QCGUP,2,),IF(AND(H44="ATP",OR(I44="TN",I44="TDN",I44="TNO2-3",I44="NO2-3")),VLOOKUP(E44,QCREC_N,2,),IF(AND(H44="NIC",OR(I44="TN",I44="TDN",I44="TNO2-3",I44="NO2-3")),VLOOKUP(E44,QCNIC_N,2,),IF(AND(H44="UREA",OR(I44="TN",I44="TDN",I44="TNO2-3",I44="NO2-3")),VLOOKUP(E44,QCUREA_N,2,),IF(H44="PER",VLOOKUP(I44,QCPER,MATCH(E44,QCACTUAL!$J$25:$AA$25,0),),IF(H44="SPK",VLOOKUP(I44,QCSPK,3,),IF(AND(H44="ATP",OR(I44="TP",I44="TDP")),VLOOKUP(E44,QCATP_P,2,),"")))))))) | W44: =IF(AND(OR(H44="PER",H44="ATP",H44="GUP",H44="CHK",H44="SPK", H44="NIC"),OR(U44>125,U44<75)),"FALSE",IF(AND(H44="DUP",OR(U44>25, U44<-25)),"FALSE",IF(AND(OR(H44="LAB",H44="FLD",H44="ESF"),U44>15),"FALSE","TRUE"))) -> TRUE | X44: =IF(ISNA(VLOOKUP(H44,QCEQUATIONS,2,)),"",(VLOOKUP(H44,QCEQUATIONS,2,))) | Y44: OM_1-30-2025_10-50-49AMadj-adj (8500).OMN | AL44: =IF($O44="", "", IF(AQ44<>"", SUBSTITUTE(SUBSTITUTE(AQ44, "x", "*"&$O44&"^", 1), "x", "*"&$O44, 1), "")) -> FALSE | AM44: =IF($O44="", "", IF(AR44<>"", SUBSTITUTE(SUBSTITUTE(AR44, "x", "*"&$O44&"^", 1), "x", "*"&$O44, 1), "")) -> FALSE | AN44: =IF($O44="", "", IF(AS44<>"", SUBSTITUTE(SUBSTITUTE(AS44, "x", "*"&$O44&"^", 1), "x", "*"&$O44, 1), "")) -> FALSE | AO44: =IF($O44="", "FALSE", IF(AT44<>"FALSE", SUBSTITUTE(SUBSTITUTE(AT44, "x", "*"&$O44&"^", 1), "x", "*"&$O44, 1), "")) -> FALSE | AP44: =IF($O44="", "FALSE", IF(AU44<>"FALSE", SUBSTITUTE(SUBSTITUTE(AU44, "x", "*"&$O44&"^", 1), "x", "*"&$O44, 1), "")) -> FALSE | AQ44: =IF(AND(I44="TP",S44<=150),VLOOKUP(AF44,TPCalibEq150!$AZ$2:$BB$166,3,),IF(AND(I44="TDP",S44<=150),VLOOKUP(AF44,TPCalibEq150!$AZ$2:$BB$166,3,))) -> FALSE | AR44: =IF(AND(I44="TP",S44<=300),VLOOKUP(AF44,TPCalibEq300!$AZ$2:$BB$166,3,),IF(AND(I44="TDP",S44<=300),VLOOKUP(AF44,TPCalibEq300!$AZ$2:$BB$166,3,))) -> FALSE | AS44: =IF(AND(I44="TP",S44<=500),VLOOKUP(AF44,TPCalibEq500!$AZ$2:$BB$165,3,),IF(AND(I44="TDP",S44<=500),VLOOKUP(AF44,TPCalibEq500!$AZ$2:$BB$165,3,))) -> FALSE | AT44: =IF(AND(I44="TN",S44<=2800),VLOOKUP(AF44,TNCalibEq2500!$AZ$2:$BB$165,3,),IF(AND(I44="TDN",S44<=2800),VLOOKUP(AF44,TNCalibEq2500!$AZ$2:$BB$165,3,))) -> FALSE | AU44: =IF(I44="TP",VLOOKUP(AF44,TPCalibEqFull!$AZ$2:$BB$165,3),IF(I44="TDP",VLOOKUP(AF44,TPCalibEqFull!$AZ$2:$BB$165,3),IF(I44="TDN",VLOOKUP(AF44,TNCalibEqFull!$AZ$2:$BB$164,3),IF(I44="TN",VLOOKUP(AF44,TNCalibEqFull!$AZ$2:$BB$164,3),FALSE)))) -> FALSE | AV44: =TEXT(A44, "YYYYMMDD")&" "&TEXT(B44, "HH:MM:SS")&"-"&C44&"-"&D44&"-"&E44&"-"&F44&"-"&G44&"-"&H44 -> 20240803 00:00:00-1000-2-Sh-2-SW-UKN
A45: 45500 | B45: 0 | C45: 1000 | D45: 2 | E45: Dp | F45: 1 | G45: SW | H45: UKN | I45: TRP | J45: 7 | K45: 45687 | L45: 0.47422454 | M45: 1 | N45: P-1.0 | O45: 0.0789 | P45: 0.0087 | Q45: 18.9 | R45: ug-P/L | S45: =IF(OR(AND(I45<>"TP", I45<>"TDP",I45<>"TN", I45<>"TDN"),H45="CAL"), Q45*M45, IF(OR(AND(I45="TN", Q45>2500), AND(I45="TDN", Q45>2500)),MAX(Q45, AK45)*M45, IF(OR(AND(I45="TN", Q45<=2500), AND(I45="TDN", Q45<=2500)),MAX(Q45, AJ45,AK45)*M45, IF(OR(AND(I45="TP",Q45>500), AND(I45="TDP", Q45>500)),MAX(Q45,AK45)*M45,IF(OR(AND(I45="TP",Q45<=150), AND(I45="TDP", Q45<=150)),MAX(Q45,AG45:AI45,AK45)*M45,IF(OR(AND(I45="TP",Q45<=300), AND(I45="TDP", Q45<=300)),MAX(Q45,AH45,AI45,AK45)*M45,IF(OR(AND(I45="TP",Q45<=500), AND(I45="TDP", Q45<=500)),MAX(Q45,AI45,AK45)*M45,""))))))) -> 18.9 | T45: Conc = 197 * Area + 3.37 | U45: =IF(OR(H45="CHK",H45="ATP",H45="GUP",H45="PER", H45="NIC", H45="UREA"),(S45/V45*100),IF(H45="DUP",((ABS(S45-S44))/((S44+S45)/2))*100,IF(H45="SPK",((S45-S44)/V45*100),IF(OR(H45="LAB",H45="FLD",H45="ESF"),S45,"")))) | V45: =IF(H45="CHK",VLOOKUP(I45,QCCHK,3,),IF(H45="GUP",VLOOKUP(E45,QCGUP,2,),IF(AND(H45="ATP",OR(I45="TN",I45="TDN",I45="TNO2-3",I45="NO2-3")),VLOOKUP(E45,QCREC_N,2,),IF(AND(H45="NIC",OR(I45="TN",I45="TDN",I45="TNO2-3",I45="NO2-3")),VLOOKUP(E45,QCNIC_N,2,),IF(AND(H45="UREA",OR(I45="TN",I45="TDN",I45="TNO2-3",I45="NO2-3")),VLOOKUP(E45,QCUREA_N,2,),IF(H45="PER",VLOOKUP(I45,QCPER,MATCH(E45,QCACTUAL!$J$25:$AA$25,0),),IF(H45="SPK",VLOOKUP(I45,QCSPK,3,),IF(AND(H45="ATP",OR(I45="TP",I45="TDP")),VLOOKUP(E45,QCATP_P,2,),"")))))))) | W45: =IF(AND(OR(H45="PER",H45="ATP",H45="GUP",H45="CHK",H45="SPK", H45="NIC"),OR(U45>125,U45<75)),"FALSE",IF(AND(H45="DUP",OR(U45>25, U45<-25)),"FALSE",IF(AND(OR(H45="LAB",H45="FLD",H45="ESF"),U45>15),"FALSE","TRUE"))) -> TRUE | X45: =IF(ISNA(VLOOKUP(H45,QCEQUATIONS,2,)),"",(VLOOKUP(H45,QCEQUATIONS,2,))) | Y45: OM_1-30-2025_10-50-49AMadj-adj (8500).OMN | AL45: =IF($O45="", "", IF(AQ45<>"", SUBSTITUTE(SUBSTITUTE(AQ45, "x", "*"&$O45&"^", 1), "x", "*"&$O45, 1), "")) -> FALSE | AM45: =IF($O45="", "", IF(AR45<>"", SUBSTITUTE(SUBSTITUTE(AR45, "x", "*"&$O45&"^", 1), "x", "*"&$O45, 1), "")) -> FALSE | AN45: =IF($O45="", "", IF(AS45<>"", SUBSTITUTE(SUBSTITUTE(AS45, "x", "*"&$O45&"^", 1), "x", "*"&$O45, 1), "")) -> FALSE | AO45: =IF($O45="", "FALSE", IF(AT45<>"FALSE", SUBSTITUTE(SUBSTITUTE(AT45, "x", "*"&$O45&"^", 1), "x", "*"&$O45, 1), "")) -> FALSE | AP45: =IF($O45="", "FALSE", IF(AU45<>"FALSE", SUBSTITUTE(SUBSTITUTE(AU45, "x", "*"&$O45&"^", 1), "x", "*"&$O45, 1), "")) -> FALSE | AQ45: =IF(AND(I45="TP",S45<=150),VLOOKUP(AF45,TPCalibEq150!$AZ$2:$BB$166,3,),IF(AND(I45="TDP",S45<=150),VLOOKUP(AF45,TPCalibEq150!$AZ$2:$BB$166,3,))) -> FALSE | AR45: =IF(AND(I45="TP",S45<=300),VLOOKUP(AF45,TPCalibEq300!$AZ$2:$BB$166,3,),IF(AND(I45="TDP",S45<=300),VLOOKUP(AF45,TPCalibEq300!$AZ$2:$BB$166,3,))) -> FALSE | AS45: =IF(AND(I45="TP",S45<=500),VLOOKUP(AF45,TPCalibEq500!$AZ$2:$BB$165,3,),IF(AND(I45="TDP",S45<=500),VLOOKUP(AF45,TPCalibEq500!$AZ$2:$BB$165,3,))) -> FALSE | AT45: =IF(AND(I45="TN",S45<=2800),VLOOKUP(AF45,TNCalibEq2500!$AZ$2:$BB$165,3,),IF(AND(I45="TDN",S45<=2800),VLOOKUP(AF45,TNCalibEq2500!$AZ$2:$BB$165,3,))) -> FALSE | AU45: =IF(I45="TP",VLOOKUP(AF45,TPCalibEqFull!$AZ$2:$BB$165,3),IF(I45="TDP",VLOOKUP(AF45,TPCalibEqFull!$AZ$2:$BB$165,3),IF(I45="TDN",VLOOKUP(AF45,TNCalibEqFull!$AZ$2:$BB$164,3),IF(I45="TN",VLOOKUP(AF45,TNCalibEqFull!$AZ$2:$BB$164,3),FALSE)))) -> FALSE | AV45: =TEXT(A45, "YYYYMMDD")&" "&TEXT(B45, "HH:MM:SS")&"-"&C45&"-"&D45&"-"&E45&"-"&F45&"-"&G45&"-"&H45 -> 20240727 00:00:00-1000-2-Dp-1-SW-UKN
A46: 45500 | B46: 0 | C46: 1000 | D46: 3 | E46: Sh | F46: 1 | G46: DI | H46: BLK | I46: TRP | J46: 8 | K46: 45687 | L46: 0.47505787 | M46: 1 | N46: P-1.0 | O46: 0.00839 | P46: 0.000673 | Q46: 5.03 | R46: ug-P/L | S46: =IF(OR(AND(I46<>"TP", I46<>"TDP",I46<>"TN", I46<>"TDN"),H46="CAL"), Q46*M46, IF(OR(AND(I46="TN", Q46>2500), AND(I46="TDN", Q46>2500)),MAX(Q46, AK46)*M46, IF(OR(AND(I46="TN", Q46<=2500), AND(I46="TDN", Q46<=2500)),MAX(Q46, AJ46,AK46)*M46, IF(OR(AND(I46="TP",Q46>500), AND(I46="TDP", Q46>500)),MAX(Q46,AK46)*M46,IF(OR(AND(I46="TP",Q46<=150), AND(I46="TDP", Q46<=150)),MAX(Q46,AG46:AI46,AK46)*M46,IF(OR(AND(I46="TP",Q46<=300), AND(I46="TDP", Q46<=300)),MAX(Q46,AH46,AI46,AK46)*M46,IF(OR(AND(I46="TP",Q46<=500), AND(I46="TDP", Q46<=500)),MAX(Q46,AI46,AK46)*M46,""))))))) -> 5.03 | T46: Conc = 197 * Area + 3.37 | U46: =IF(OR(H46="CHK",H46="ATP",H46="GUP",H46="PER", H46="NIC", H46="UREA"),(S46/V46*100),IF(H46="DUP",((ABS(S46-S45))/((S45+S46)/2))*100,IF(H46="SPK",((S46-S45)/V46*100),IF(OR(H46="LAB",H46="FLD",H46="ESF"),S46,"")))) | V46: =IF(H46="CHK",VLOOKUP(I46,QCCHK,3,),IF(H46="GUP",VLOOKUP(E46,QCGUP,2,),IF(AND(H46="ATP",OR(I46="TN",I46="TDN",I46="TNO2-3",I46="NO2-3")),VLOOKUP(E46,QCREC_N,2,),IF(AND(H46="NIC",OR(I46="TN",I46="TDN",I46="TNO2-3",I46="NO2-3")),VLOOKUP(E46,QCNIC_N,2,),IF(AND(H46="UREA",OR(I46="TN",I46="TDN",I46="TNO2-3",I46="NO2-3")),VLOOKUP(E46,QCUREA_N,2,),IF(H46="PER",VLOOKUP(I46,QCPER,MATCH(E46,QCACTUAL!$J$25:$AA$25,0),),IF(H46="SPK",VLOOKUP(I46,QCSPK,3,),IF(AND(H46="ATP",OR(I46="TP",I46="TDP")),VLOOKUP(E46,QCATP_P,2,),"")))))))) | W46: =IF(AND(OR(H46="PER",H46="ATP",H46="GUP",H46="CHK",H46="SPK", H46="NIC"),OR(U46>125,U46<75)),"FALSE",IF(AND(H46="DUP",OR(U46>25, U46<-25)),"FALSE",IF(AND(OR(H46="LAB",H46="FLD",H46="ESF"),U46>15),"FALSE","TRUE"))) -> TRUE | X46: =IF(ISNA(VLOOKUP(H46,QCEQUATIONS,2,)),"",(VLOOKUP(H46,QCEQUATIONS,2,))) | Y46: OM_1-30-2025_10-50-49AMadj-adj (8500).OMN | AL46: =IF($O46="", "", IF(AQ46<>"", SUBSTITUTE(SUBSTITUTE(AQ46, "x", "*"&$O46&"^", 1), "x", "*"&$O46, 1), "")) -> FALSE | AM46: =IF($O46="", "", IF(AR46<>"", SUBSTITUTE(SUBSTITUTE(AR46, "x", "*"&$O46&"^", 1), "x", "*"&$O46, 1), "")) -> FALSE | AN46: =IF($O46="", "", IF(AS46<>"", SUBSTITUTE(SUBSTITUTE(AS46, "x", "*"&$O46&"^", 1), "x", "*"&$O46, 1), "")) -> FALSE | AO46: =IF($O46="", "FALSE", IF(AT46<>"FALSE", SUBSTITUTE(SUBSTITUTE(AT46, "x", "*"&$O46&"^", 1), "x", "*"&$O46, 1), "")) -> FALSE | AP46: =IF($O46="", "FALSE", IF(AU46<>"FALSE", SUBSTITUTE(SUBSTITUTE(AU46, "x", "*"&$O46&"^", 1), "x", "*"&$O46, 1), "")) -> FALSE | AQ46: =IF(AND(I46="TP",S46<=150),VLOOKUP(AF46,TPCalibEq150!$AZ$2:$BB$166,3,),IF(AND(I46="TDP",S46<=150),VLOOKUP(AF46,TPCalibEq150!$AZ$2:$BB$166,3,))) -> FALSE | AR46: =IF(AND(I46="TP",S46<=300),VLOOKUP(AF46,TPCalibEq300!$AZ$2:$BB$166,3,),IF(AND(I46="TDP",S46<=300),VLOOKUP(AF46,TPCalibEq300!$AZ$2:$BB$166,3,))) -> FALSE | AS46: =IF(AND(I46="TP",S46<=500),VLOOKUP(AF46,TPCalibEq500!$AZ$2:$BB$165,3,),IF(AND(I46="TDP",S46<=500),VLOOKUP(AF46,TPCalibEq500!$AZ$2:$BB$165,3,))) -> FALSE | AT46: =IF(AND(I46="TN",S46<=2800),VLOOKUP(AF46,TNCalibEq2500!$AZ$2:$BB$165,3,),IF(AND(I46="TDN",S46<=2800),VLOOKUP(AF46,TNCalibEq2500!$AZ$2:$BB$165,3,))) -> FALSE | AU46: =IF(I46="TP",VLOOKUP(AF46,TPCalibEqFull!$AZ$2:$BB$165,3),IF(I46="TDP",VLOOKUP(AF46,TPCalibEqFull!$AZ$2:$BB$165,3),IF(I46="TDN",VLOOKUP(AF46,TNCalibEqFull!$AZ$2:$BB$164,3),IF(I46="TN",VLOOKUP(AF46,TNCalibEqFull!$AZ$2:$BB$164,3),FALSE)))) -> FALSE | AV46: =TEXT(A46, "YYYYMMDD")&" "&TEXT(B46, "HH:MM:SS")&"-"&C46&"-"&D46&"-"&E46&"-"&F46&"-"&G46&"-"&H46 -> 20240727 00:00:00-1000-3-Sh-1-DI-BLK
A47: 45500 | B47: 0 | C47: 1000 | D47: 3 | E47: Sh | F47: 1 | G47: SW | H47: UKN | I47: TRP | J47: 9 | K47: 45687 | L47: 0.47587963 | M47: 1 | N47: P-1.0 | O47: 0.0776 | P47: 0.00915 | Q47: 18.7 | R47: ug-P/L | S47: =IF(OR(AND(I47<>"TP", I47<>"TDP",I47<>"TN", I47<>"TDN"),H47="CAL"), Q47*M47, IF(OR(AND(I47="TN", Q47>2500), AND(I47="TDN", Q47>2500)),MAX(Q47, AK47)*M47, IF(OR(AND(I47="TN", Q47<=2500), AND(I47="TDN", Q47<=2500)),MAX(Q47, AJ47,AK47)*M47, IF(OR(AND(I47="TP",Q47>500), AND(I47="TDP", Q47>500)),MAX(Q47,AK47)*M47,IF(OR(AND(I47="TP",Q47<=150), AND(I47="TDP", Q47<=150)),MAX(Q47,AG47:AI47,AK47)*M47,IF(OR(AND(I47="TP",Q47<=300), AND(I47="TDP", Q47<=300)),MAX(Q47,AH47,AI47,AK47)*M47,IF(OR(AND(I47="TP",Q47<=500), AND(I47="TDP", Q47<=500)),MAX(Q47,AI47,AK47)*M47,""))))))) -> 18.7 | T47: Conc = 197 * Area + 3.37 | U47: =IF(OR(H47="CHK",H47="ATP",H47="GUP",H47="PER", H47="NIC", H47="UREA"),(S47/V47*100),IF(H47="DUP",((ABS(S47-S46))/((S46+S47)/2))*100,IF(H47="SPK",((S47-S46)/V47*100),IF(OR(H47="LAB",H47="FLD",H47="ESF"),S47,"")))) | V47: =IF(H47="CHK",VLOOKUP(I47,QCCHK,3,),IF(H47="GUP",VLOOKUP(E47,QCGUP,2,),IF(AND(H47="ATP",OR(I47="TN",I47="TDN",I47="TNO2-3",I47="NO2-3")),VLOOKUP(E47,QCREC_N,2,),IF(AND(H47="NIC",OR(I47="TN",I47="TDN",I47="TNO2-3",I47="NO2-3")),VLOOKUP(E47,QCNIC_N,2,),IF(AND(H47="UREA",OR(I47="TN",I47="TDN",I47="TNO2-3",I47="NO2-3")),VLOOKUP(E47,QCUREA_N,2,),IF(H47="PER",VLOOKUP(I47,QCPER,MATCH(E47,QCACTUAL!$J$25:$AA$25,0),),IF(H47="SPK",VLOOKUP(I47,QCSPK,3,),IF(AND(H47="ATP",OR(I47="TP",I47="TDP")),VLOOKUP(E47,QCATP_P,2,),"")))))))) | W47: =IF(AND(OR(H47="PER",H47="ATP",H47="GUP",H47="CHK",H47="SPK", H47="NIC"),OR(U47>125,U47<75)),"FALSE",IF(AND(H47="DUP",OR(U47>25, U47<-25)),"FALSE",IF(AND(OR(H47="LAB",H47="FLD",H47="ESF"),U47>15),"FALSE","TRUE"))) -> TRUE | X47: =IF(ISNA(VLOOKUP(H47,QCEQUATIONS,2,)),"",(VLOOKUP(H47,QCEQUATIONS,2,))) | Y47: OM_1-30-2025_10-50-49AMadj-adj (8500).OMN | AL47: =IF($O47="", "", IF(AQ47<>"", SUBSTITUTE(SUBSTITUTE(AQ47, "x", "*"&$O47&"^", 1), "x", "*"&$O47, 1), "")) -> FALSE | AM47: =IF($O47="", "", IF(AR47<>"", SUBSTITUTE(SUBSTITUTE(AR47, "x", "*"&$O47&"^", 1), "x", "*"&$O47, 1), "")) -> FALSE | AN47: =IF($O47="", "", IF(AS47<>"", SUBSTITUTE(SUBSTITUTE(AS47, "x", "*"&$O47&"^", 1), "x", "*"&$O47, 1), "")) -> FALSE | AO47: =IF($O47="", "FALSE", IF(AT47<>"FALSE", SUBSTITUTE(SUBSTITUTE(AT47, "x", "*"&$O47&"^", 1), "x", "*"&$O47, 1), "")) -> FALSE | AP47: =IF($O47="", "FALSE", IF(AU47<>"FALSE", SUBSTITUTE(SUBSTITUTE(AU47, "x", "*"&$O47&"^", 1), "x", "*"&$O47, 1), "")) -> FALSE | AQ47: =IF(AND(I47="TP",S47<=150),VLOOKUP(AF47,TPCalibEq150!$AZ$2:$BB$166,3,),IF(AND(I47="TDP",S47<=150),VLOOKUP(AF47,TPCalibEq150!$AZ$2:$BB$166,3,))) -> FALSE | AR47: =IF(AND(I47="TP",S47<=300),VLOOKUP(AF47,TPCalibEq300!$AZ$2:$BB$166,3,),IF(AND(I47="TDP",S47<=300),VLOOKUP(AF47,TPCalibEq300!$AZ$2:$BB$166,3,))) -> FALSE | AS47: =IF(AND(I47="TP",S47<=500),VLOOKUP(AF47,TPCalibEq500!$AZ$2:$BB$165,3,),IF(AND(I47="TDP",S47<=500),VLOOKUP(AF47,TPCalibEq500!$AZ$2:$BB$165,3,))) -> FALSE | AT47: =IF(AND(I47="TN",S47<=2800),VLOOKUP(AF47,TNCalibEq2500!$AZ$2:$BB$165,3,),IF(AND(I47="TDN",S47<=2800),VLOOKUP(AF47,TNCalibEq2500!$AZ$2:$BB$165,3,))) -> FALSE | AU47: =IF(I47="TP",VLOOKUP(AF47,TPCalibEqFull!$AZ$2:$BB$165,3),IF(I47="TDP",VLOOKUP(AF47,TPCalibEqFull!$AZ$2:$BB$165,3),IF(I47="TDN",VLOOKUP(AF47,TNCalibEqFull!$AZ$2:$BB$164,3),IF(I47="TN",VLOOKUP(AF47,TNCalibEqFull!$AZ$2:$BB$164,3),FALSE)))) -> FALSE | AV47: =TEXT(A47, "YYYYMMDD")&" "&TEXT(B47, "HH:MM:SS")&"-"&C47&"-"&D47&"-"&E47&"-"&F47&"-"&G47&"-"&H47 -> 20240727 00:00:00-1000-3-Sh-1-SW-UKN
A48: 45500 | B48: 0 | C48: 1000 | D48: 3 | E48: Sh | F48: 2 | G48: SW | H48: UKN | I48: TRP | J48: 10 | K48: 45687 | L48: 0.47667824 | M48: 1 | N48: P-1.0 | O48: 0.0807 | P48: 0.00901 | Q48: 19.3 | R48: ug-P/L | S48: =IF(OR(AND(I48<>"TP", I48<>"TDP",I48<>"TN", I48<>"TDN"),H48="CAL"), Q48*M48, IF(OR(AND(I48="TN", Q48>2500), AND(I48="TDN", Q48>2500)),MAX(Q48, AK48)*M48, IF(OR(AND(I48="TN", Q48<=2500), AND(I48="TDN", Q48<=2500)),MAX(Q48, AJ48,AK48)*M48, IF(OR(AND(I48="TP",Q48>500), AND(I48="TDP", Q48>500)),MAX(Q48,AK48)*M48,IF(OR(AND(I48="TP",Q48<=150), AND(I48="TDP", Q48<=150)),MAX(Q48,AG48:AI48,AK48)*M48,IF(OR(AND(I48="TP",Q48<=300), AND(I48="TDP", Q48<=300)),MAX(Q48,AH48,AI48,AK48)*M48,IF(OR(AND(I48="TP",Q48<=500), AND(I48="TDP", Q48<=500)),MAX(Q48,AI48,AK48)*M48,""))))))) -> 19.3 | T48: Conc = 197 * Area + 3.37 | U48: =IF(OR(H48="CHK",H48="ATP",H48="GUP",H48="PER", H48="NIC", H48="UREA"),(S48/V48*100),IF(H48="DUP",((ABS(S48-S47))/((S47+S48)/2))*100,IF(H48="SPK",((S48-S47)/V48*100),IF(OR(H48="LAB",H48="FLD",H48="ESF"),S48,"")))) | V48: =IF(H48="CHK",VLOOKUP(I48,QCCHK,3,),IF(H48="GUP",VLOOKUP(E48,QCGUP,2,),IF(AND(H48="ATP",OR(I48="TN",I48="TDN",I48="TNO2-3",I48="NO2-3")),VLOOKUP(E48,QCREC_N,2,),IF(AND(H48="NIC",OR(I48="TN",I48="TDN",I48="TNO2-3",I48="NO2-3")),VLOOKUP(E48,QCNIC_N,2,),IF(AND(H48="UREA",OR(I48="TN",I48="TDN",I48="TNO2-3",I48="NO2-3")),VLOOKUP(E48,QCUREA_N,2,),IF(H48="PER",VLOOKUP(I48,QCPER,MATCH(E48,QCACTUAL!$J$25:$AA$25,0),),IF(H48="SPK",VLOOKUP(I48,QCSPK,3,),IF(AND(H48="ATP",OR(I48="TP",I48="TDP")),VLOOKUP(E48,QCATP_P,2,),"")))))))) | W48: =IF(AND(OR(H48="PER",H48="ATP",H48="GUP",H48="CHK",H48="SPK", H48="NIC"),OR(U48>125,U48<75)),"FALSE",IF(AND(H48="DUP",OR(U48>25, U48<-25)),"FALSE",IF(AND(OR(H48="LAB",H48="FLD",H48="ESF"),U48>15),"FALSE","TRUE"))) -> TRUE | X48: =IF(ISNA(VLOOKUP(H48,QCEQUATIONS,2,)),"",(VLOOKUP(H48,QCEQUATIONS,2,))) | Y48: OM_1-30-2025_10-50-49AMadj-adj (8500).OMN | AL48: =IF($O48="", "", IF(AQ48<>"", SUBSTITUTE(SUBSTITUTE(AQ48, "x", "*"&$O48&"^", 1), "x", "*"&$O48, 1), "")) -> FALSE | AM48: =IF($O48="", "", IF(AR48<>"", SUBSTITUTE(SUBSTITUTE(AR48, "x", "*"&$O48&"^", 1), "x", "*"&$O48, 1), "")) -> FALSE | AN48: =IF($O48="", "", IF(AS48<>"", SUBSTITUTE(SUBSTITUTE(AS48, "x", "*"&$O48&"^", 1), "x", "*"&$O48, 1), "")) -> FALSE | AO48: =IF($O48="", "FALSE", IF(AT48<>"FALSE", SUBSTITUTE(SUBSTITUTE(AT48, "x", "*"&$O48&"^", 1), "x", "*"&$O48, 1), "")) -> FALSE | AP48: =IF($O48="", "FALSE", IF(AU48<>"FALSE", SUBSTITUTE(SUBSTITUTE(AU48, "x", "*"&$O48&"^", 1), "x", "*"&$O48, 1), "")) -> FALSE | AQ48: =IF(AND(I48="TP",S48<=150),VLOOKUP(AF48,TPCalibEq150!$AZ$2:$BB$166,3,),IF(AND(I48="TDP",S48<=150),VLOOKUP(AF48,TPCalibEq150!$AZ$2:$BB$166,3,))) -> FALSE | AR48: =IF(AND(I48="TP",S48<=300),VLOOKUP(AF48,TPCalibEq300!$AZ$2:$BB$166,3,),IF(AND(I48="TDP",S48<=300),VLOOKUP(AF48,TPCalibEq300!$AZ$2:$BB$166,3,))) -> FALSE | AS48: =IF(AND(I48="TP",S48<=500),VLOOKUP(AF48,TPCalibEq500!$AZ$2:$BB$165,3,),IF(AND(I48="TDP",S48<=500),VLOOKUP(AF48,TPCalibEq500!$AZ$2:$BB$165,3,))) -> FALSE | AT48: =IF(AND(I48="TN",S48<=2800),VLOOKUP(AF48,TNCalibEq2500!$AZ$2:$BB$165,3,),IF(AND(I48="TDN",S48<=2800),VLOOKUP(AF48,TNCalibEq2500!$AZ$2:$BB$165,3,))) -> FALSE | AU48: =IF(I48="TP",VLOOKUP(AF48,TPCalibEqFull!$AZ$2:$BB$165,3),IF(I48="TDP",VLOOKUP(AF48,TPCalibEqFull!$AZ$2:$BB$165,3),IF(I48="TDN",VLOOKUP(AF48,TNCalibEqFull!$AZ$2:$BB$164,3),IF(I48="TN",VLOOKUP(AF48,TNCalibEqFull!$AZ$2:$BB$164,3),FALSE)))) -> FALSE | AV48: =TEXT(A48, "YYYYMMDD")&" "&TEXT(B48, "HH:MM:SS")&"-"&C48&"-"&D48&"-"&E48&"-"&F48&"-"&G48&"-"&H48 -> 20240727 00:00:00-1000-3-Sh-2-SW-UKN
A49: 45500 | B49: 0 | C49: 1000 | D49: 3 | E49: Dp | F49: 1 | G49: SW | H49: UKN | I49: TRP | J49: 11 | K49: 45687 | L49: 0.4775 | M49: 1 | N49: P-1.0 | O49: 0.177 | P49: 0.0203 | Q49: 38.4 | R49: ug-P/L | S49: =IF(OR(AND(I49<>"TP", I49<>"TDP",I49<>"TN", I49<>"TDN"),H49="CAL"), Q49*M49, IF(OR(AND(I49="TN", Q49>2500), AND(I49="TDN", Q49>2500)),MAX(Q49, AK49)*M49, IF(OR(AND(I49="TN", Q49<=2500), AND(I49="TDN", Q49<=2500)),MAX(Q49, AJ49,AK49)*M49, IF(OR(AND(I49="TP",Q49>500), AND(I49="TDP", Q49>500)),MAX(Q49,AK49)*M49,IF(OR(AND(I49="TP",Q49<=150), AND(I49="TDP", Q49<=150)),MAX(Q49,AG49:AI49,AK49)*M49,IF(OR(AND(I49="TP",Q49<=300), AND(I49="TDP", Q49<=300)),MAX(Q49,AH49,AI49,AK49)*M49,IF(OR(AND(I49="TP",Q49<=500), AND(I49="TDP", Q49<=500)),MAX(Q49,AI49,AK49)*M49,""))))))) -> 38.4 | T49: Conc = 197 * Area + 3.37 | U49: =IF(OR(H49="CHK",H49="ATP",H49="GUP",H49="PER", H49="NIC", H49="UREA"),(S49/V49*100),IF(H49="DUP",((ABS(S49-S48))/((S48+S49)/2))*100,IF(H49="SPK",((S49-S48)/V49*100),IF(OR(H49="LAB",H49="FLD",H49="ESF"),S49,"")))) | V49: =IF(H49="CHK",VLOOKUP(I49,QCCHK,3,),IF(H49="GUP",VLOOKUP(E49,QCGUP,2,),IF(AND(H49="ATP",OR(I49="TN",I49="TDN",I49="TNO2-3",I49="NO2-3")),VLOOKUP(E49,QCREC_N,2,),IF(AND(H49="NIC",OR(I49="TN",I49="TDN",I49="TNO2-3",I49="NO2-3")),VLOOKUP(E49,QCNIC_N,2,),IF(AND(H49="UREA",OR(I49="TN",I49="TDN",I49="TNO2-3",I49="NO2-3")),VLOOKUP(E49,QCUREA_N,2,),IF(H49="PER",VLOOKUP(I49,QCPER,MATCH(E49,QCACTUAL!$J$25:$AA$25,0),),IF(H49="SPK",VLOOKUP(I49,QCSPK,3,),IF(AND(H49="ATP",OR(I49="TP",I49="TDP")),VLOOKUP(E49,QCATP_P,2,),"")))))))) | W49: =IF(AND(OR(H49="PER",H49="ATP",H49="GUP",H49="CHK",H49="SPK", H49="NIC"),OR(U49>125,U49<75)),"FALSE",IF(AND(H49="DUP",OR(U49>25, U49<-25)),"FALSE",IF(AND(OR(H49="LAB",H49="FLD",H49="ESF"),U49>15),"FALSE","TRUE"))) -> TRUE | X49: =IF(ISNA(VLOOKUP(H49,QCEQUATIONS,2,)),"",(VLOOKUP(H49,QCEQUATIONS,2,))) | Y49: OM_1-30-2025_10-50-49AMadj-adj (8500).OMN | AL49: =IF($O49="", "", IF(AQ49<>"", SUBSTITUTE(SUBSTITUTE(AQ49, "x", "*"&$O49&"^", 1), "x", "*"&$O49, 1), "")) -> FALSE | AM49: =IF($O49="", "", IF(AR49<>"", SUBSTITUTE(SUBSTITUTE(AR49, "x", "*"&$O49&"^", 1), "x", "*"&$O49, 1), "")) -> FALSE | AN49: =IF($O49="", "", IF(AS49<>"", SUBSTITUTE(SUBSTITUTE(AS49, "x", "*"&$O49&"^", 1), "x", "*"&$O49, 1), "")) -> FALSE | AO49: =IF($O49="", "FALSE", IF(AT49<>"FALSE", SUBSTITUTE(SUBSTITUTE(AT49, "x", "*"&$O49&"^", 1), "x", "*"&$O49, 1), "")) -> FALSE | AP49: =IF($O49="", "FALSE", IF(AU49<>"FALSE", SUBSTITUTE(SUBSTITUTE(AU49, "x", "*"&$O49&"^", 1), "x", "*"&$O49, 1), "")) -> FALSE | AQ49: =IF(AND(I49="TP",S49<=150),VLOOKUP(AF49,TPCalibEq150!$AZ$2:$BB$166,3,),IF(AND(I49="TDP",S49<=150),VLOOKUP(AF49,TPCalibEq150!$AZ$2:$BB$166,3,))) -> FALSE | AR49: =IF(AND(I49="TP",S49<=300),VLOOKUP(AF49,TPCalibEq300!$AZ$2:$BB$166,3,),IF(AND(I49="TDP",S49<=300),VLOOKUP(AF49,TPCalibEq300!$AZ$2:$BB$166,3,))) -> FALSE | AS49: =IF(AND(I49="TP",S49<=500),VLOOKUP(AF49,TPCalibEq500!$AZ$2:$BB$165,3,),IF(AND(I49="TDP",S49<=500),VLOOKUP(AF49,TPCalibEq500!$AZ$2:$BB$165,3,))) -> FALSE | AT49: =IF(AND(I49="TN",S49<=2800),VLOOKUP(AF49,TNCalibEq2500!$AZ$2:$BB$165,3,),IF(AND(I49="TDN",S49<=2800),VLOOKUP(AF49,TNCalibEq2500!$AZ$2:$BB$165,3,))) -> FALSE | AU49: =IF(I49="TP",VLOOKUP(AF49,TPCalibEqFull!$AZ$2:$BB$165,3),IF(I49="TDP",VLOOKUP(AF49,TPCalibEqFull!$AZ$2:$BB$165,3),IF(I49="TDN",VLOOKUP(AF49,TNCalibEqFull!$AZ$2:$BB$164,3),IF(I49="TN",VLOOKUP(AF49,TNCalibEqFull!$AZ$2:$BB$164,3),FALSE)))) -> FALSE | AV49: =TEXT(A49, "YYYYMMDD")&" "&TEXT(B49, "HH:MM:SS")&"-"&C49&"-"&D49&"-"&E49&"-"&F49&"-"&G49&"-"&H49 -> 20240727 00:00:00-1000-3-Dp-1-SW-UKN
A50: 45500 | B50: 0 | C50: 1000 | D50: 3 | E50: Dp | F50: 1 | G50: SW | H50: DUP | I50: TRP | J50: 11 | K50: 45687 | L50: 0.47831019 | M50: 1 | N50: P-1.0 | O50: 0.177 | P50: 0.0202 | Q50: 38.4 | R50: ug-P/L | S50: =IF(OR(AND(I50<>"TP", I50<>"TDP",I50<>"TN", I50<>"TDN"),H50="CAL"), Q50*M50, IF(OR(AND(I50="TN", Q50>2500), AND(I50="TDN", Q50>2500)),MAX(Q50, AK50)*M50, IF(OR(AND(I50="TN", Q50<=2500), AND(I50="TDN", Q50<=2500)),MAX(Q50, AJ50,AK50)*M50, IF(OR(AND(I50="TP",Q50>500), AND(I50="TDP", Q50>500)),MAX(Q50,AK50)*M50,IF(OR(AND(I50="TP",Q50<=150), AND(I50="TDP", Q50<=150)),MAX(Q50,AG50:AI50,AK50)*M50,IF(OR(AND(I50="TP",Q50<=300), AND(I50="TDP", Q50<=300)),MAX(Q50,AH50,AI50,AK50)*M50,IF(OR(AND(I50="TP",Q50<=500), AND(I50="TDP", Q50<=500)),MAX(Q50,AI50,AK50)*M50,""))))))) -> 38.4 | T50: Conc = 197 * Area + 3.37 | U50: =IF(OR(H50="CHK",H50="ATP",H50="GUP",H50="PER", H50="NIC", H50="UREA"),(S50/V50*100),IF(H50="DUP",((ABS(S50-S49))/((S49+S50)/2))*100,IF(H50="SPK",((S50-S49)/V50*100),IF(OR(H50="LAB",H50="FLD",H50="ESF"),S50,"")))) -> 0 | V50: =IF(H50="CHK",VLOOKUP(I50,QCCHK,3,),IF(H50="GUP",VLOOKUP(E50,QCGUP,2,),IF(AND(H50="ATP",OR(I50="TN",I50="TDN",I50="TNO2-3",I50="NO2-3")),VLOOKUP(E50,QCREC_N,2,),IF(AND(H50="NIC",OR(I50="TN",I50="TDN",I50="TNO2-3",I50="NO2-3")),VLOOKUP(E50,QCNIC_N,2,),IF(AND(H50="UREA",OR(I50="TN",I50="TDN",I50="TNO2-3",I50="NO2-3")),VLOOKUP(E50,QCUREA_N,2,),IF(H50="PER",VLOOKUP(I50,QCPER,MATCH(E50,QCACTUAL!$J$25:$AA$25,0),),IF(H50="SPK",VLOOKUP(I50,QCSPK,3,),IF(AND(H50="ATP",OR(I50="TP",I50="TDP")),VLOOKUP(E50,QCATP_P,2,),"")))))))) | W50: =IF(AND(OR(H50="PER",H50="ATP",H50="GUP",H50="CHK",H50="SPK", H50="NIC"),OR(U50>125,U50<75)),"FALSE",IF(AND(H50="DUP",OR(U50>25, U50<-25)),"FALSE",IF(AND(OR(H50="LAB",H50="FLD",H50="ESF"),U50>15),"FALSE","TRUE"))) -> TRUE | X50: =IF(ISNA(VLOOKUP(H50,QCEQUATIONS,2,)),"",(VLOOKUP(H50,QCEQUATIONS,2,))) -> ((ABS(rep1-rep2))/((rep1+rep2)/2)*100 | Y50: OM_1-30-2025_10-50-49AMadj-adj (8500).OMN | AL50: =IF($O50="", "", IF(AQ50<>"", SUBSTITUTE(SUBSTITUTE(AQ50, "x", "*"&$O50&"^", 1), "x", "*"&$O50, 1), "")) -> FALSE | AM50: =IF($O50="", "", IF(AR50<>"", SUBSTITUTE(SUBSTITUTE(AR50, "x", "*"&$O50&"^", 1), "x", "*"&$O50, 1), "")) -> FALSE | AN50: =IF($O50="", "", IF(AS50<>"", SUBSTITUTE(SUBSTITUTE(AS50, "x", "*"&$O50&"^", 1), "x", "*"&$O50, 1), "")) -> FALSE | AO50: =IF($O50="", "FALSE", IF(AT50<>"FALSE", SUBSTITUTE(SUBSTITUTE(AT50, "x", "*"&$O50&"^", 1), "x", "*"&$O50, 1), "")) -> FALSE | AP50: =IF($O50="", "FALSE", IF(AU50<>"FALSE", SUBSTITUTE(SUBSTITUTE(AU50, "x", "*"&$O50&"^", 1), "x", "*"&$O50, 1), "")) -> FALSE | AQ50: =IF(AND(I50="TP",S50<=150),VLOOKUP(AF50,TPCalibEq150!$AZ$2:$BB$166,3,),IF(AND(I50="TDP",S50<=150),VLOOKUP(AF50,TPCalibEq150!$AZ$2:$BB$166,3,))) -> FALSE | AR50: =IF(AND(I50="TP",S50<=300),VLOOKUP(AF50,TPCalibEq300!$AZ$2:$BB$166,3,),IF(AND(I50="TDP",S50<=300),VLOOKUP(AF50,TPCalibEq300!$AZ$2:$BB$166,3,))) -> FALSE | AS50: =IF(AND(I50="TP",S50<=500),VLOOKUP(AF50,TPCalibEq500!$AZ$2:$BB$165,3,),IF(AND(I50="TDP",S50<=500),VLOOKUP(AF50,TPCalibEq500!$AZ$2:$BB$165,3,))) -> FALSE | AT50: =IF(AND(I50="TN",S50<=2800),VLOOKUP(AF50,TNCalibEq2500!$AZ$2:$BB$165,3,),IF(AND(I50="TDN",S50<=2800),VLOOKUP(AF50,TNCalibEq2500!$AZ$2:$BB$165,3,))) -> FALSE | AU50: =IF(I50="TP",VLOOKUP(AF50,TPCalibEqFull!$AZ$2:$BB$165,3),IF(I50="TDP",VLOOKUP(AF50,TPCalibEqFull!$AZ$2:$BB$165,3),IF(I50="TDN",VLOOKUP(AF50,TNCalibEqFull!$AZ$2:$BB$164,3),IF(I50="TN",VLOOKUP(AF50,TNCalibEqFull!$AZ$2:$BB$164,3),FALSE)))) -> FALSE | AV50: =TEXT(A50, "YYYYMMDD")&" "&TEXT(B50, "HH:MM:SS")&"-"&C50&"-"&D50&"-"&E50&"-"&F50&"-"&G50&"-"&H50 -> 20240727 00:00:00-1000-3-Dp-1-SW-DUP
A51: 45500 | B51: 0 | C51: 1000 | D51: 4 | E51: Sh | F51: 1 | G51: DI | H51: BLK | I51: TRP | J51: 12 | K51: 45687 | L51: 0.48076389 | M51: 1 | N51: P-1.0 | O51: 0.00439 | P51: 0.000605 | Q51: 4.24 | R51: ug-P/L | S51: =IF(OR(AND(I51<>"TP", I51<>"TDP",I51<>"TN", I51<>"TDN"),H51="CAL"), Q51*M51, IF(OR(AND(I51="TN", Q51>2500), AND(I51="TDN", Q51>2500)),MAX(Q51, AK51)*M51, IF(OR(AND(I51="TN", Q51<=2500), AND(I51="TDN", Q51<=2500)),MAX(Q51, AJ51,AK51)*M51, IF(OR(AND(I51="TP",Q51>500), AND(I51="TDP", Q51>500)),MAX(Q51,AK51)*M51,IF(OR(AND(I51="TP",Q51<=150), AND(I51="TDP", Q51<=150)),MAX(Q51,AG51:AI51,AK51)*M51,IF(OR(AND(I51="TP",Q51<=300), AND(I51="TDP", Q51<=300)),MAX(Q51,AH51,AI51,AK51)*M51,IF(OR(AND(I51="TP",Q51<=500), AND(I51="TDP", Q51<=500)),MAX(Q51,AI51,AK51)*M51,""))))))) -> 4.24 | T51: Conc = 197 * Area + 3.37 | U51: =IF(OR(H51="CHK",H51="ATP",H51="GUP",H51="PER", H51="NIC", H51="UREA"),(S51/V51*100),IF(H51="DUP",((ABS(S51-#REF!))/((#REF!+S51)/2))*100,IF(H51="SPK",((S51-#REF!)/V51*100),IF(OR(H51="LAB",H51="FLD",H51="ESF"),S51,"")))) | V51: =IF(H51="CHK",VLOOKUP(I51,QCCHK,3,),IF(H51="GUP",VLOOKUP(E51,QCGUP,2,),IF(AND(H51="ATP",OR(I51="TN",I51="TDN",I51="TNO2-3",I51="NO2-3")),VLOOKUP(E51,QCREC_N,2,),IF(AND(H51="NIC",OR(I51="TN",I51="TDN",I51="TNO2-3",I51="NO2-3")),VLOOKUP(E51,QCNIC_N,2,),IF(AND(H51="UREA",OR(I51="TN",I51="TDN",I51="TNO2-3",I51="NO2-3")),VLOOKUP(E51,QCUREA_N,2,),IF(H51="PER",VLOOKUP(I51,QCPER,MATCH(E51,QCACTUAL!$J$25:$AA$25,0),),IF(H51="SPK",VLOOKUP(I51,QCSPK,3,),IF(AND(H51="ATP",OR(I51="TP",I51="TDP")),VLOOKUP(E51,QCATP_P,2,),"")))))))) | W51: =IF(AND(OR(H51="PER",H51="ATP",H51="GUP",H51="CHK",H51="SPK", H51="NIC"),OR(U51>125,U51<75)),"FALSE",IF(AND(H51="DUP",OR(U51>25, U51<-25)),"FALSE",IF(AND(OR(H51="LAB",H51="FLD",H51="ESF"),U51>15),"FALSE","TRUE"))) -> TRUE | X51: =IF(ISNA(VLOOKUP(H51,QCEQUATIONS,2,)),"",(VLOOKUP(H51,QCEQUATIONS,2,))) | Y51: OM_1-30-2025_10-50-49AMadj-adj (8500).OMN | AL51: =IF($O51="", "", IF(AQ51<>"", SUBSTITUTE(SUBSTITUTE(AQ51, "x", "*"&$O51&"^", 1), "x", "*"&$O51, 1), "")) -> FALSE | AM51: =IF($O51="", "", IF(AR51<>"", SUBSTITUTE(SUBSTITUTE(AR51, "x", "*"&$O51&"^", 1), "x", "*"&$O51, 1), "")) -> FALSE | AN51: =IF($O51="", "", IF(AS51<>"", SUBSTITUTE(SUBSTITUTE(AS51, "x", "*"&$O51&"^", 1), "x", "*"&$O51, 1), "")) -> FALSE | AO51: =IF($O51="", "FALSE", IF(AT51<>"FALSE", SUBSTITUTE(SUBSTITUTE(AT51, "x", "*"&$O51&"^", 1), "x", "*"&$O51, 1), "")) -> FALSE | AP51: =IF($O51="", "FALSE", IF(AU51<>"FALSE", SUBSTITUTE(SUBSTITUTE(AU51, "x", "*"&$O51&"^", 1), "x", "*"&$O51, 1), "")) -> FALSE | AQ51: =IF(AND(I51="TP",S51<=150),VLOOKUP(AF51,TPCalibEq150!$AZ$2:$BB$166,3,),IF(AND(I51="TDP",S51<=150),VLOOKUP(AF51,TPCalibEq150!$AZ$2:$BB$166,3,))) -> FALSE | AR51: =IF(AND(I51="TP",S51<=300),VLOOKUP(AF51,TPCalibEq300!$AZ$2:$BB$166,3,),IF(AND(I51="TDP",S51<=300),VLOOKUP(AF51,TPCalibEq300!$AZ$2:$BB$166,3,))) -> FALSE | AS51: =IF(AND(I51="TP",S51<=500),VLOOKUP(AF51,TPCalibEq500!$AZ$2:$BB$165,3,),IF(AND(I51="TDP",S51<=500),VLOOKUP(AF51,TPCalibEq500!$AZ$2:$BB$165,3,))) -> FALSE | AT51: =IF(AND(I51="TN",S51<=2800),VLOOKUP(AF51,TNCalibEq2500!$AZ$2:$BB$165,3,),IF(AND(I51="TDN",S51<=2800),VLOOKUP(AF51,TNCalibEq2500!$AZ$2:$BB$165,3,))) -> FALSE | AU51: =IF(I51="TP",VLOOKUP(AF51,TPCalibEqFull!$AZ$2:$BB$165,3),IF(I51="TDP",VLOOKUP(AF51,TPCalibEqFull!$AZ$2:$BB$165,3),IF(I51="TDN",VLOOKUP(AF51,TNCalibEqFull!$AZ$2:$BB$164,3),IF(I51="TN",VLOOKUP(AF51,TNCalibEqFull!$AZ$2:$BB$164,3),FALSE)))) -> FALSE | AV51: =TEXT(A51, "YYYYMMDD")&" "&TEXT(B51, "HH:MM:SS")&"-"&C51&"-"&D51&"-"&E51&"-"&F51&"-"&G51&"-"&H51 -> 20240727 00:00:00-1000-4-Sh-1-DI-BLK
A52: 45500 | B52: 0 | C52: 1000 | D52: 4 | E52: Sh | F52: 1 | G52: SW | H52: UKN | I52: TRP | J52: 13 | K52: 45687 | L52: 0.48157407 | M52: 1 | N52: P-1.0 | O52: 0.0783 | P52: 0.00842 | Q52: 18.8 | R52: ug-P/L | S52: =IF(OR(AND(I52<>"TP", I52<>"TDP",I52<>"TN", I52<>"TDN"),H52="CAL"), Q52*M52, IF(OR(AND(I52="TN", Q52>2500), AND(I52="TDN", Q52>2500)),MAX(Q52, AK52)*M52, IF(OR(AND(I52="TN", Q52<=2500), AND(I52="TDN", Q52<=2500)),MAX(Q52, AJ52,AK52)*M52, IF(OR(AND(I52="TP",Q52>500), AND(I52="TDP", Q52>500)),MAX(Q52,AK52)*M52,IF(OR(AND(I52="TP",Q52<=150), AND(I52="TDP", Q52<=150)),MAX(Q52,AG52:AI52,AK52)*M52,IF(OR(AND(I52="TP",Q52<=300), AND(I52="TDP", Q52<=300)),MAX(Q52,AH52,AI52,AK52)*M52,IF(OR(AND(I52="TP",Q52<=500), AND(I52="TDP", Q52<=500)),MAX(Q52,AI52,AK52)*M52,""))))))) -> 18.8 | T52: Conc = 197 * Area + 3.37 | U52: =IF(OR(H52="CHK",H52="ATP",H52="GUP",H52="PER", H52="NIC", H52="UREA"),(S52/V52*100),IF(H52="DUP",((ABS(S52-S51))/((S51+S52)/2))*100,IF(H52="SPK",((S52-S51)/V52*100),IF(OR(H52="LAB",H52="FLD",H52="ESF"),S52,"")))) | V52: =IF(H52="CHK",VLOOKUP(I52,QCCHK,3,),IF(H52="GUP",VLOOKUP(E52,QCGUP,2,),IF(AND(H52="ATP",OR(I52="TN",I52="TDN",I52="TNO2-3",I52="NO2-3")),VLOOKUP(E52,QCREC_N,2,),IF(AND(H52="NIC",OR(I52="TN",I52="TDN",I52="TNO2-3",I52="NO2-3")),VLOOKUP(E52,QCNIC_N,2,),IF(AND(H52="UREA",OR(I52="TN",I52="TDN",I52="TNO2-3",I52="NO2-3")),VLOOKUP(E52,QCUREA_N,2,),IF(H52="PER",VLOOKUP(I52,QCPER,MATCH(E52,QCACTUAL!$J$25:$AA$25,0),),IF(H52="SPK",VLOOKUP(I52,QCSPK,3,),IF(AND(H52="ATP",OR(I52="TP",I52="TDP")),VLOOKUP(E52,QCATP_P,2,),"")))))))) | W52: =IF(AND(OR(H52="PER",H52="ATP",H52="GUP",H52="CHK",H52="SPK", H52="NIC"),OR(U52>125,U52<75)),"FALSE",IF(AND(H52="DUP",OR(U52>25, U52<-25)),"FALSE",IF(AND(OR(H52="LAB",H52="FLD",H52="ESF"),U52>15),"FALSE","TRUE"))) -> TRUE | X52: =IF(ISNA(VLOOKUP(H52,QCEQUATIONS,2,)),"",(VLOOKUP(H52,QCEQUATIONS,2,))) | Y52: OM_1-30-2025_10-50-49AMadj-adj (8500).OMN | AL52: =IF($O52="", "", IF(AQ52<>"", SUBSTITUTE(SUBSTITUTE(AQ52, "x", "*"&$O52&"^", 1), "x", "*"&$O52, 1), "")) -> FALSE | AM52: =IF($O52="", "", IF(AR52<>"", SUBSTITUTE(SUBSTITUTE(AR52, "x", "*"&$O52&"^", 1), "x", "*"&$O52, 1), "")) -> FALSE | AN52: =IF($O52="", "", IF(AS52<>"", SUBSTITUTE(SUBSTITUTE(AS52, "x", "*"&$O52&"^", 1), "x", "*"&$O52, 1), "")) -> FALSE | AO52: =IF($O52="", "FALSE", IF(AT52<>"FALSE", SUBSTITUTE(SUBSTITUTE(AT52, "x", "*"&$O52&"^", 1), "x", "*"&$O52, 1), "")) -> FALSE | AP52: =IF($O52="", "FALSE", IF(AU52<>"FALSE", SUBSTITUTE(SUBSTITUTE(AU52, "x", "*"&$O52&"^", 1), "x", "*"&$O52, 1), "")) -> FALSE | AQ52: =IF(AND(I52="TP",S52<=150),VLOOKUP(AF52,TPCalibEq150!$AZ$2:$BB$166,3,),IF(AND(I52="TDP",S52<=150),VLOOKUP(AF52,TPCalibEq150!$AZ$2:$BB$166,3,))) -> FALSE | AR52: =IF(AND(I52="TP",S52<=300),VLOOKUP(AF52,TPCalibEq300!$AZ$2:$BB$166,3,),IF(AND(I52="TDP",S52<=300),VLOOKUP(AF52,TPCalibEq300!$AZ$2:$BB$166,3,))) -> FALSE | AS52: =IF(AND(I52="TP",S52<=500),VLOOKUP(AF52,TPCalibEq500!$AZ$2:$BB$165,3,),IF(AND(I52="TDP",S52<=500),VLOOKUP(AF52,TPCalibEq500!$AZ$2:$BB$165,3,))) -> FALSE | AT52: =IF(AND(I52="TN",S52<=2800),VLOOKUP(AF52,TNCalibEq2500!$AZ$2:$BB$165,3,),IF(AND(I52="TDN",S52<=2800),VLOOKUP(AF52,TNCalibEq2500!$AZ$2:$BB$165,3,))) -> FALSE | AU52: =IF(I52="TP",VLOOKUP(AF52,TPCalibEqFull!$AZ$2:$BB$165,3),IF(I52="TDP",VLOOKUP(AF52,TPCalibEqFull!$AZ$2:$BB$165,3),IF(I52="TDN",VLOOKUP(AF52,TNCalibEqFull!$AZ$2:$BB$164,3),IF(I52="TN",VLOOKUP(AF52,TNCalibEqFull!$AZ$2:$BB$164,3),FALSE)))) -> FALSE | AV52: =TEXT(A52, "YYYYMMDD")&" "&TEXT(B52, "HH:MM:SS")&"-"&C52&"-"&D52&"-"&E52&"-"&F52&"-"&G52&"-"&H52 -> 20240727 00:00:00-1000-4-Sh-1-SW-UKN
A53: 45500 | B53: 0 | C53: 1000 | D53: 4 | E53: Sh | F53: 2 | G53: SW | H53: UKN | I53: TRP | J53: 14 | K53: 45687 | L53: 0.48238426 | M53: 1 | N53: P-1.0 | O53: 0.0772 | P53: 0.00928 | Q53: 18.6 | R53: ug-P/L | S53: =IF(OR(AND(I53<>"TP", I53<>"TDP",I53<>"TN", I53<>"TDN"),H53="CAL"), Q53*M53, IF(OR(AND(I53="TN", Q53>2500), AND(I53="TDN", Q53>2500)),MAX(Q53, AK53)*M53, IF(OR(AND(I53="TN", Q53<=2500), AND(I53="TDN", Q53<=2500)),MAX(Q53, AJ53,AK53)*M53, IF(OR(AND(I53="TP",Q53>500), AND(I53="TDP", Q53>500)),MAX(Q53,AK53)*M53,IF(OR(AND(I53="TP",Q53<=150), AND(I53="TDP", Q53<=150)),MAX(Q53,AG53:AI53,AK53)*M53,IF(OR(AND(I53="TP",Q53<=300), AND(I53="TDP", Q53<=300)),MAX(Q53,AH53,AI53,AK53)*M53,IF(OR(AND(I53="TP",Q53<=500), AND(I53="TDP", Q53<=500)),MAX(Q53,AI53,AK53)*M53,""))))))) -> 18.6 | T53: Conc = 197 * Area + 3.37 | U53: =IF(OR(H53="CHK",H53="ATP",H53="GUP",H53="PER", H53="NIC", H53="UREA"),(S53/V53*100),IF(H53="DUP",((ABS(S53-S52))/((S52+S53)/2))*100,IF(H53="SPK",((S53-S52)/V53*100),IF(OR(H53="LAB",H53="FLD",H53="ESF"),S53,"")))) | V53: =IF(H53="CHK",VLOOKUP(I53,QCCHK,3,),IF(H53="GUP",VLOOKUP(E53,QCGUP,2,),IF(AND(H53="ATP",OR(I53="TN",I53="TDN",I53="TNO2-3",I53="NO2-3")),VLOOKUP(E53,QCREC_N,2,),IF(AND(H53="NIC",OR(I53="TN",I53="TDN",I53="TNO2-3",I53="NO2-3")),VLOOKUP(E53,QCNIC_N,2,),IF(AND(H53="UREA",OR(I53="TN",I53="TDN",I53="TNO2-3",I53="NO2-3")),VLOOKUP(E53,QCUREA_N,2,),IF(H53="PER",VLOOKUP(I53,QCPER,MATCH(E53,QCACTUAL!$J$25:$AA$25,0),),IF(H53="SPK",VLOOKUP(I53,QCSPK,3,),IF(AND(H53="ATP",OR(I53="TP",I53="TDP")),VLOOKUP(E53,QCATP_P,2,),"")))))))) | W53: =IF(AND(OR(H53="PER",H53="ATP",H53="GUP",H53="CHK",H53="SPK", H53="NIC"),OR(U53>125,U53<75)),"FALSE",IF(AND(H53="DUP",OR(U53>25, U53<-25)),"FALSE",IF(AND(OR(H53="LAB",H53="FLD",H53="ESF"),U53>15),"FALSE","TRUE"))) -> TRUE | X53: =IF(ISNA(VLOOKUP(H53,QCEQUATIONS,2,)),"",(VLOOKUP(H53,QCEQUATIONS,2,))) | Y53: OM_1-30-2025_10-50-49AMadj-adj (8500).OMN | AL53: =IF($O53="", "", IF(AQ53<>"", SUBSTITUTE(SUBSTITUTE(AQ53, "x", "*"&$O53&"^", 1), "x", "*"&$O53, 1), "")) -> FALSE | AM53: =IF($O53="", "", IF(AR53<>"", SUBSTITUTE(SUBSTITUTE(AR53, "x", "*"&$O53&"^", 1), "x", "*"&$O53, 1), "")) -> FALSE | AN53: =IF($O53="", "", IF(AS53<>"", SUBSTITUTE(SUBSTITUTE(AS53, "x", "*"&$O53&"^", 1), "x", "*"&$O53, 1), "")) -> FALSE | AO53: =IF($O53="", "FALSE", IF(AT53<>"FALSE", SUBSTITUTE(SUBSTITUTE(AT53, "x", "*"&$O53&"^", 1), "x", "*"&$O53, 1), "")) -> FALSE | AP53: =IF($O53="", "FALSE", IF(AU53<>"FALSE", SUBSTITUTE(SUBSTITUTE(AU53, "x", "*"&$O53&"^", 1), "x", "*"&$O53, 1), "")) -> FALSE | AQ53: =IF(AND(I53="TP",S53<=150),VLOOKUP(AF53,TPCalibEq150!$AZ$2:$BB$166,3,),IF(AND(I53="TDP",S53<=150),VLOOKUP(AF53,TPCalibEq150!$AZ$2:$BB$166,3,))) -> FALSE | AR53: =IF(AND(I53="TP",S53<=300),VLOOKUP(AF53,TPCalibEq300!$AZ$2:$BB$166,3,),IF(AND(I53="TDP",S53<=300),VLOOKUP(AF53,TPCalibEq300!$AZ$2:$BB$166,3,))) -> FALSE | AS53: =IF(AND(I53="TP",S53<=500),VLOOKUP(AF53,TPCalibEq500!$AZ$2:$BB$165,3,),IF(AND(I53="TDP",S53<=500),VLOOKUP(AF53,TPCalibEq500!$AZ$2:$BB$165,3,))) -> FALSE | AT53: =IF(AND(I53="TN",S53<=2800),VLOOKUP(AF53,TNCalibEq2500!$AZ$2:$BB$165,3,),IF(AND(I53="TDN",S53<=2800),VLOOKUP(AF53,TNCalibEq2500!$AZ$2:$BB$165,3,))) -> FALSE | AU53: =IF(I53="TP",VLOOKUP(AF53,TPCalibEqFull!$AZ$2:$BB$165,3),IF(I53="TDP",VLOOKUP(AF53,TPCalibEqFull!$AZ$2:$BB$165,3),IF(I53="TDN",VLOOKUP(AF53,TNCalibEqFull!$AZ$2:$BB$164,3),IF(I53="TN",VLOOKUP(AF53,TNCalibEqFull!$AZ$2:$BB$164,3),FALSE)))) -> FALSE | AV53: =TEXT(A53, "YYYYMMDD")&" "&TEXT(B53, "HH:MM:SS")&"-"&C53&"-"&D53&"-"&E53&"-"&F53&"-"&G53&"-"&H53 -> 20240727 00:00:00-1000-4-Sh-2-SW-UKN
A54: 45500 | B54: 0 | C54: 1000 | D54: 4 | E54: Dp | F54: 1 | G54: SW | H54: UKN | I54: TRP | J54: 15 | K54: 45687 | L54: 0.48315972 | M54: 1 | N54: P-1.0 | O54: 0.0796 | P54: 0.00925 | Q54: 19.1 | R54: ug-P/L | S54: =IF(OR(AND(I54<>"TP", I54<>"TDP",I54<>"TN", I54<>"TDN"),H54="CAL"), Q54*M54, IF(OR(AND(I54="TN", Q54>2500), AND(I54="TDN", Q54>2500)),MAX(Q54, AK54)*M54, IF(OR(AND(I54="TN", Q54<=2500), AND(I54="TDN", Q54<=2500)),MAX(Q54, AJ54,AK54)*M54, IF(OR(AND(I54="TP",Q54>500), AND(I54="TDP", Q54>500)),MAX(Q54,AK54)*M54,IF(OR(AND(I54="TP",Q54<=150), AND(I54="TDP", Q54<=150)),MAX(Q54,AG54:AI54,AK54)*M54,IF(OR(AND(I54="TP",Q54<=300), AND(I54="TDP", Q54<=300)),MAX(Q54,AH54,AI54,AK54)*M54,IF(OR(AND(I54="TP",Q54<=500), AND(I54="TDP", Q54<=500)),MAX(Q54,AI54,AK54)*M54,""))))))) -> 19.1 | T54: Conc = 197 * Area + 3.37 | U54: =IF(OR(H54="CHK",H54="ATP",H54="GUP",H54="PER", H54="NIC", H54="UREA"),(S54/V54*100),IF(H54="DUP",((ABS(S54-S53))/((S53+S54)/2))*100,IF(H54="SPK",((S54-S53)/V54*100),IF(OR(H54="LAB",H54="FLD",H54="ESF"),S54,"")))) | V54: =IF(H54="CHK",VLOOKUP(I54,QCCHK,3,),IF(H54="GUP",VLOOKUP(E54,QCGUP,2,),IF(AND(H54="ATP",OR(I54="TN",I54="TDN",I54="TNO2-3",I54="NO2-3")),VLOOKUP(E54,QCREC_N,2,),IF(AND(H54="NIC",OR(I54="TN",I54="TDN",I54="TNO2-3",I54="NO2-3")),VLOOKUP(E54,QCNIC_N,2,),IF(AND(H54="UREA",OR(I54="TN",I54="TDN",I54="TNO2-3",I54="NO2-3")),VLOOKUP(E54,QCUREA_N,2,),IF(H54="PER",VLOOKUP(I54,QCPER,MATCH(E54,QCACTUAL!$J$25:$AA$25,0),),IF(H54="SPK",VLOOKUP(I54,QCSPK,3,),IF(AND(H54="ATP",OR(I54="TP",I54="TDP")),VLOOKUP(E54,QCATP_P,2,),"")))))))) | W54: =IF(AND(OR(H54="PER",H54="ATP",H54="GUP",H54="CHK",H54="SPK", H54="NIC"),OR(U54>125,U54<75)),"FALSE",IF(AND(H54="DUP",OR(U54>25, U54<-25)),"FALSE",IF(AND(OR(H54="LAB",H54="FLD",H54="ESF"),U54>15),"FALSE","TRUE"))) -> TRUE | X54: =IF(ISNA(VLOOKUP(H54,QCEQUATIONS,2,)),"",(VLOOKUP(H54,QCEQUATIONS,2,))) | Y54: OM_1-30-2025_10-50-49AMadj-adj (8500).OMN | AL54: =IF($O54="", "", IF(AQ54<>"", SUBSTITUTE(SUBSTITUTE(AQ54, "x", "*"&$O54&"^", 1), "x", "*"&$O54, 1), "")) -> FALSE | AM54: =IF($O54="", "", IF(AR54<>"", SUBSTITUTE(SUBSTITUTE(AR54, "x", "*"&$O54&"^", 1), "x", "*"&$O54, 1), "")) -> FALSE | AN54: =IF($O54="", "", IF(AS54<>"", SUBSTITUTE(SUBSTITUTE(AS54, "x", "*"&$O54&"^", 1), "x", "*"&$O54, 1), "")) -> FALSE | AO54: =IF($O54="", "FALSE", IF(AT54<>"FALSE", SUBSTITUTE(SUBSTITUTE(AT54, "x", "*"&$O54&"^", 1), "x", "*"&$O54, 1), "")) -> FALSE | AP54: =IF($O54="", "FALSE", IF(AU54<>"FALSE", SUBSTITUTE(SUBSTITUTE(AU54, "x", "*"&$O54&"^", 1), "x", "*"&$O54, 1), "")) -> FALSE | AQ54: =IF(AND(I54="TP",S54<=150),VLOOKUP(AF54,TPCalibEq150!$AZ$2:$BB$166,3,),IF(AND(I54="TDP",S54<=150),VLOOKUP(AF54,TPCalibEq150!$AZ$2:$BB$166,3,))) -> FALSE | AR54: =IF(AND(I54="TP",S54<=300),VLOOKUP(AF54,TPCalibEq300!$AZ$2:$BB$166,3,),IF(AND(I54="TDP",S54<=300),VLOOKUP(AF54,TPCalibEq300!$AZ$2:$BB$166,3,))) -> FALSE | AS54: =IF(AND(I54="TP",S54<=500),VLOOKUP(AF54,TPCalibEq500!$AZ$2:$BB$165,3,),IF(AND(I54="TDP",S54<=500),VLOOKUP(AF54,TPCalibEq500!$AZ$2:$BB$165,3,))) -> FALSE | AT54: =IF(AND(I54="TN",S54<=2800),VLOOKUP(AF54,TNCalibEq2500!$AZ$2:$BB$165,3,),IF(AND(I54="TDN",S54<=2800),VLOOKUP(AF54,TNCalibEq2500!$AZ$2:$BB$165,3,))) -> FALSE | AU54: =IF(I54="TP",VLOOKUP(AF54,TPCalibEqFull!$AZ$2:$BB$165,3),IF(I54="TDP",VLOOKUP(AF54,TPCalibEqFull!$AZ$2:$BB$165,3),IF(I54="TDN",VLOOKUP(AF54,TNCalibEqFull!$AZ$2:$BB$164,3),IF(I54="TN",VLOOKUP(AF54,TNCalibEqFull!$AZ$2:$BB$164,3),FALSE)))) -> FALSE | AV54: =TEXT(A54, "YYYYMMDD")&" "&TEXT(B54, "HH:MM:SS")&"-"&C54&"-"&D54&"-"&E54&"-"&F54&"-"&G54&"-"&H54 -> 20240727 00:00:00-1000-4-Dp-1-SW-UKN
A55: 45507 | B55: 0 | C55: 1000 | D55: 9 | E55: Sh | F55: 1 | G55: DI | H55: BLK | I55: TRP | J55: 16 | K55: 45687 | L55: 0.48481481 | M55: 1 | N55: P-1.0 | O55: 0.0157 | P55: 0.000677 | Q55: 6.48 | R55: ug-P/L | S55: =IF(OR(AND(I55<>"TP", I55<>"TDP",I55<>"TN", I55<>"TDN"),H55="CAL"), Q55*M55, IF(OR(AND(I55="TN", Q55>2500), AND(I55="TDN", Q55>2500)),MAX(Q55, AK55)*M55, IF(OR(AND(I55="TN", Q55<=2500), AND(I55="TDN", Q55<=2500)),MAX(Q55, AJ55,AK55)*M55, IF(OR(AND(I55="TP",Q55>500), AND(I55="TDP", Q55>500)),MAX(Q55,AK55)*M55,IF(OR(AND(I55="TP",Q55<=150), AND(I55="TDP", Q55<=150)),MAX(Q55,AG55:AI55,AK55)*M55,IF(OR(AND(I55="TP",Q55<=300), AND(I55="TDP", Q55<=300)),MAX(Q55,AH55,AI55,AK55)*M55,IF(OR(AND(I55="TP",Q55<=500), AND(I55="TDP", Q55<=500)),MAX(Q55,AI55,AK55)*M55,""))))))) -> 6.48 | T55: Conc = 197 * Area + 3.37 | U55: =IF(OR(H55="CHK",H55="ATP",H55="GUP",H55="PER", H55="NIC", H55="UREA"),(S55/V55*100),IF(H55="DUP",((ABS(S55-S54))/((S54+S55)/2))*100,IF(H55="SPK",((S55-S54)/V55*100),IF(OR(H55="LAB",H55="FLD",H55="ESF"),S55,"")))) | V55: =IF(H55="CHK",VLOOKUP(I55,QCCHK,3,),IF(H55="GUP",VLOOKUP(E55,QCGUP,2,),IF(AND(H55="ATP",OR(I55="TN",I55="TDN",I55="TNO2-3",I55="NO2-3")),VLOOKUP(E55,QCREC_N,2,),IF(AND(H55="NIC",OR(I55="TN",I55="TDN",I55="TNO2-3",I55="NO2-3")),VLOOKUP(E55,QCNIC_N,2,),IF(AND(H55="UREA",OR(I55="TN",I55="TDN",I55="TNO2-3",I55="NO2-3")),VLOOKUP(E55,QCUREA_N,2,),IF(H55="PER",VLOOKUP(I55,QCPER,MATCH(E55,QCACTUAL!$J$25:$AA$25,0),),IF(H55="SPK",VLOOKUP(I55,QCSPK,3,),IF(AND(H55="ATP",OR(I55="TP",I55="TDP")),VLOOKUP(E55,QCATP_P,2,),"")))))))) | W55: =IF(AND(OR(H55="PER",H55="ATP",H55="GUP",H55="CHK",H55="SPK", H55="NIC"),OR(U55>125,U55<75)),"FALSE",IF(AND(H55="DUP",OR(U55>25, U55<-25)),"FALSE",IF(AND(OR(H55="LAB",H55="FLD",H55="ESF"),U55>15),"FALSE","TRUE"))) -> TRUE | X55: =IF(ISNA(VLOOKUP(H55,QCEQUATIONS,2,)),"",(VLOOKUP(H55,QCEQUATIONS,2,))) | Y55: OM_1-30-2025_10-50-49AMadj-adj (8500).OMN | AL55: =IF($O55="", "", IF(AQ55<>"", SUBSTITUTE(SUBSTITUTE(AQ55, "x", "*"&$O55&"^", 1), "x", "*"&$O55, 1), "")) -> FALSE | AM55: =IF($O55="", "", IF(AR55<>"", SUBSTITUTE(SUBSTITUTE(AR55, "x", "*"&$O55&"^", 1), "x", "*"&$O55, 1), "")) -> FALSE | AN55: =IF($O55="", "", IF(AS55<>"", SUBSTITUTE(SUBSTITUTE(AS55, "x", "*"&$O55&"^", 1), "x", "*"&$O55, 1), "")) -> FALSE | AO55: =IF($O55="", "FALSE", IF(AT55<>"FALSE", SUBSTITUTE(SUBSTITUTE(AT55, "x", "*"&$O55&"^", 1), "x", "*"&$O55, 1), "")) -> FALSE | AP55: =IF($O55="", "FALSE", IF(AU55<>"FALSE", SUBSTITUTE(SUBSTITUTE(AU55, "x", "*"&$O55&"^", 1), "x", "*"&$O55, 1), "")) -> FALSE | AQ55: =IF(AND(I55="TP",S55<=150),VLOOKUP(AF55,TPCalibEq150!$AZ$2:$BB$166,3,),IF(AND(I55="TDP",S55<=150),VLOOKUP(AF55,TPCalibEq150!$AZ$2:$BB$166,3,))) -> FALSE | AR55: =IF(AND(I55="TP",S55<=300),VLOOKUP(AF55,TPCalibEq300!$AZ$2:$BB$166,3,),IF(AND(I55="TDP",S55<=300),VLOOKUP(AF55,TPCalibEq300!$AZ$2:$BB$166,3,))) -> FALSE | AS55: =IF(AND(I55="TP",S55<=500),VLOOKUP(AF55,TPCalibEq500!$AZ$2:$BB$165,3,),IF(AND(I55="TDP",S55<=500),VLOOKUP(AF55,TPCalibEq500!$AZ$2:$BB$165,3,))) -> FALSE | AT55: =IF(AND(I55="TN",S55<=2800),VLOOKUP(AF55,TNCalibEq2500!$AZ$2:$BB$165,3,),IF(AND(I55="TDN",S55<=2800),VLOOKUP(AF55,TNCalibEq2500!$AZ$2:$BB$165,3,))) -> FALSE | AU55: =IF(I55="TP",VLOOKUP(AF55,TPCalibEqFull!$AZ$2:$BB$165,3),IF(I55="TDP",VLOOKUP(AF55,TPCalibEqFull!$AZ$2:$BB$165,3),IF(I55="TDN",VLOOKUP(AF55,TNCalibEqFull!$AZ$2:$BB$164,3),IF(I55="TN",VLOOKUP(AF55,TNCalibEqFull!$AZ$2:$BB$164,3),FALSE)))) -> FALSE | AV55: =TEXT(A55, "YYYYMMDD")&" "&TEXT(B55, "HH:MM:SS")&"-"&C55&"-"&D55&"-"&E55&"-"&F55&"-"&G55&"-"&H55 -> 20240803 00:00:00-1000-9-Sh-1-DI-BLK
A56: 45507 | B56: 0 | C56: 1000 | D56: 9 | E56: Sh | F56: 1 | G56: SW | H56: UKN | I56: TRP | J56: 17 | K56: 45687 | L56: 0.485625 | M56: 1 | N56: P-1.0 | O56: 0.0817 | P56: 0.00892 | Q56: 19.5 | R56: ug-P/L | S56: =IF(OR(AND(I56<>"TP", I56<>"TDP",I56<>"TN", I56<>"TDN"),H56="CAL"), Q56*M56, IF(OR(AND(I56="TN", Q56>2500), AND(I56="TDN", Q56>2500)),MAX(Q56, AK56)*M56, IF(OR(AND(I56="TN", Q56<=2500), AND(I56="TDN", Q56<=2500)),MAX(Q56, AJ56,AK56)*M56, IF(OR(AND(I56="TP",Q56>500), AND(I56="TDP", Q56>500)),MAX(Q56,AK56)*M56,IF(OR(AND(I56="TP",Q56<=150), AND(I56="TDP", Q56<=150)),MAX(Q56,AG56:AI56,AK56)*M56,IF(OR(AND(I56="TP",Q56<=300), AND(I56="TDP", Q56<=300)),MAX(Q56,AH56,AI56,AK56)*M56,IF(OR(AND(I56="TP",Q56<=500), AND(I56="TDP", Q56<=500)),MAX(Q56,AI56,AK56)*M56,""))))))) -> 19.5 | T56: Conc = 197 * Area + 3.37 | U56: =IF(OR(H56="CHK",H56="ATP",H56="GUP",H56="PER", H56="NIC", H56="UREA"),(S56/V56*100),IF(H56="DUP",((ABS(S56-S55))/((S55+S56)/2))*100,IF(H56="SPK",((S56-S55)/V56*100),IF(OR(H56="LAB",H56="FLD",H56="ESF"),S56,"")))) | V56: =IF(H56="CHK",VLOOKUP(I56,QCCHK,3,),IF(H56="GUP",VLOOKUP(E56,QCGUP,2,),IF(AND(H56="ATP",OR(I56="TN",I56="TDN",I56="TNO2-3",I56="NO2-3")),VLOOKUP(E56,QCREC_N,2,),IF(AND(H56="NIC",OR(I56="TN",I56="TDN",I56="TNO2-3",I56="NO2-3")),VLOOKUP(E56,QCNIC_N,2,),IF(AND(H56="UREA",OR(I56="TN",I56="TDN",I56="TNO2-3",I56="NO2-3")),VLOOKUP(E56,QCUREA_N,2,),IF(H56="PER",VLOOKUP(I56,QCPER,MATCH(E56,QCACTUAL!$J$25:$AA$25,0),),IF(H56="SPK",VLOOKUP(I56,QCSPK,3,),IF(AND(H56="ATP",OR(I56="TP",I56="TDP")),VLOOKUP(E56,QCATP_P,2,),"")))))))) | W56: =IF(AND(OR(H56="PER",H56="ATP",H56="GUP",H56="CHK",H56="SPK", H56="NIC"),OR(U56>125,U56<75)),"FALSE",IF(AND(H56="DUP",OR(U56>25, U56<-25)),"FALSE",IF(AND(OR(H56="LAB",H56="FLD",H56="ESF"),U56>15),"FALSE","TRUE"))) -> TRUE | X56: =IF(ISNA(VLOOKUP(H56,QCEQUATIONS,2,)),"",(VLOOKUP(H56,QCEQUATIONS,2,))) | Y56: OM_1-30-2025_10-50-49AMadj-adj (8500).OMN | AL56: =IF($O56="", "", IF(AQ56<>"", SUBSTITUTE(SUBSTITUTE(AQ56, "x", "*"&$O56&"^", 1), "x", "*"&$O56, 1), "")) -> FALSE | AM56: =IF($O56="", "", IF(AR56<>"", SUBSTITUTE(SUBSTITUTE(AR56, "x", "*"&$O56&"^", 1), "x", "*"&$O56, 1), "")) -> FALSE | AN56: =IF($O56="", "", IF(AS56<>"", SUBSTITUTE(SUBSTITUTE(AS56, "x", "*"&$O56&"^", 1), "x", "*"&$O56, 1), "")) -> FALSE | AO56: =IF($O56="", "FALSE", IF(AT56<>"FALSE", SUBSTITUTE(SUBSTITUTE(AT56, "x", "*"&$O56&"^", 1), "x", "*"&$O56, 1), "")) -> FALSE | AP56: =IF($O56="", "FALSE", IF(AU56<>"FALSE", SUBSTITUTE(SUBSTITUTE(AU56, "x", "*"&$O56&"^", 1), "x", "*"&$O56, 1), "")) -> FALSE | AQ56: =IF(AND(I56="TP",S56<=150),VLOOKUP(AF56,TPCalibEq150!$AZ$2:$BB$166,3,),IF(AND(I56="TDP",S56<=150),VLOOKUP(AF56,TPCalibEq150!$AZ$2:$BB$166,3,))) -> FALSE | AR56: =IF(AND(I56="TP",S56<=300),VLOOKUP(AF56,TPCalibEq300!$AZ$2:$BB$166,3,),IF(AND(I56="TDP",S56<=300),VLOOKUP(AF56,TPCalibEq300!$AZ$2:$BB$166,3,))) -> FALSE | AS56: =IF(AND(I56="TP",S56<=500),VLOOKUP(AF56,TPCalibEq500!$AZ$2:$BB$165,3,),IF(AND(I56="TDP",S56<=500),VLOOKUP(AF56,TPCalibEq500!$AZ$2:$BB$165,3,))) -> FALSE | AT56: =IF(AND(I56="TN",S56<=2800),VLOOKUP(AF56,TNCalibEq2500!$AZ$2:$BB$165,3,),IF(AND(I56="TDN",S56<=2800),VLOOKUP(AF56,TNCalibEq2500!$AZ$2:$BB$165,3,))) -> FALSE | AU56: =IF(I56="TP",VLOOKUP(AF56,TPCalibEqFull!$AZ$2:$BB$165,3),IF(I56="TDP",VLOOKUP(AF56,TPCalibEqFull!$AZ$2:$BB$165,3),IF(I56="TDN",VLOOKUP(AF56,TNCalibEqFull!$AZ$2:$BB$164,3),IF(I56="TN",VLOOKUP(AF56,TNCalibEqFull!$AZ$2:$BB$164,3),FALSE)))) -> FALSE | AV56: =TEXT(A56, "YYYYMMDD")&" "&TEXT(B56, "HH:MM:SS")&"-"&C56&"-"&D56&"-"&E56&"-"&F56&"-"&G56&"-"&H56 -> 20240803 00:00:00-1000-9-Sh-1-SW-UKN
